Keyword,Currency,Avg. monthly searches,Competition,Competition (indexed value),Top of page bid (low range),Top of page bid (high range),Ad impression share,Organic impression share,Organic average position,In account?,In plan?,Searches: Apr 2020,Searches: May 2020,Searches: Jun 2020,Searches: Jul 2020,Searches: Aug 2020,Searches: Sep 2020,Searches: Oct 2020,Searches: Nov 2020,Searches: Dec 2020,Searches: Jan 2021,Searches: Feb 2021,Searches: Mar 2021,Concept: Team,Concept: Site,Concept: Other Brands,Concept: Non-Brands,Concept: Others
watch the atlanta braves game,USD,50,Low,11,,,,,,,,,,,,,,,,,,,,,,,,
watch the boston red sox game,USD,50,Low,0,,,,,,,,,,,,,,,,,,,,,,,,
watch the chicago cubs game,USD,50,Low,14,,,,,,,,,,,,,,,,,,,,,,,,
watch the cleveland indians game,USD,50,Low,2,,,,,,,,,,,,,,,,,,,,,,,,
watch the colorado rockies game,USD,50,Low,7,,,,,,,,,,,,,,,,,,,,,,,,
watch the detroit tigers game,USD,50,Low,8,,,,,,,,,,,,,,,,,,,,,,,,
watch the arizona diamondbacks game,USD,,Unknown,,,,,,,,,,,,,,,,,,,,,,,,,
watch the baltimore orioles game,USD,,Unknown,,,,,,,,,,,,,,,,,,,,,,,,,
watch the chicago white sox game,USD,,Unknown,,,,,,,,,,,,,,,,,,,,,,,,,
watch the cincinnati reds game,USD,,Unknown,,,,,,,,,,,,,,,,,,,,,,,,,
atlanta braves live stream,USD,500,Low,21,1.57,5.69,,,,,,,,,,,,,,,,,,atlanta,,,Non-Brands,"mlb, sports"
watch cubs game,USD,500,Low,6,0.7,2.37,,,,,,,,,,,,,,,,,,chicago,,cubs,,
cubs live stream,USD,500,Low,10,1.36,5.07,,,,,,,,,,,,,,,,,,chicago,,cubs,,
detroit tigers live stream,USD,500,Low,19,1.5,5.77,,,,,,,,,,,,,,,,,,detroit tigers,,,Non-Brands,mlb
stream cubs game,USD,500,Low,9,0.99,3.61,,,,,,,,,,,,,,,,,,chicago,,cubs,,
chicago cubs live stream reddit,USD,500,Low,2,,,,,,,,,,,,,,,,,,,,chicago,reddit,cubs,,mlb
watch cubs game free,USD,500,Low,18,0.96,1.68,,,,,,,,,,,,,,,,,,chicago,,cubs,,
watch cubs game live,USD,500,Low,15,0.9,1.82,,,,,,,,,,,,,,,,,,chicago,,cubs,,game online
watch atlanta braves game live online free,USD,500,Low,14,1.04,2.09,,,,,,,,,,,,,,,,,,atlanta,,,Non-Brands,"sports, game online"
chicago white sox live stream,USD,500,Low,5,1.19,2.73,,,,,,,,,,,,,,,,,,chicago,,chicago white sox,,
watch atlanta braves live,USD,500,Low,18,1.06,2.6,,,,,,,,,,,,,,,,,,atlanta,,,Non-Brands,sports
cincinnati reds live stream,USD,500,Low,14,1.38,4.8,,,,,,,,,,,,,,,,,,reds,,cincinnati reds,,mlb
cubs game live stream,USD,500,Low,15,1.14,5.27,,,,,,,,,,,,,,,,,,chicago,,cubs,,game online
cubs game today live,USD,500,Low,3,0.87,1.59,,,,,,,,,,,,,,,,,,chicago,,cubs,,
cleveland indians live stream,USD,500,Low,19,1.32,5,,,,,,,,,,,,,,,,,,cleveland indians,,,Non-Brands,"mlb, sports"
watch cubs live,USD,500,Low,12,0.92,2.35,,,,,,,,,,,,,,,,,,chicago,,cubs,,
atlanta braves stream,USD,500,Low,10,0.92,2.53,,,,,,,,,,,,,,,,,,atlanta,,,Non-Brands,"mlb, sports"
watch cleveland indian baseball online free,USD,500,Low,18,0.95,2.51,,,,,,,,,,,,,,,,,,cleveland indians,,,Non-Brands,"mlb, sports, game online"
atlanta braves streaming,USD,500,Low,16,1.28,5.5,,,,,,,,,,,,,,,,,,atlanta,,,Non-Brands,sports
atlanta braves live stream reddit,USD,500,Low,4,,,,,,,,,,,,,,,,,,,,atlanta,reddit,,,mlb
watch atlanta braves online,USD,500,Low,12,1.07,7.51,,,,,,,,,,,,,,,,,,atlanta,,,Non-Brands,"sports, game online"
watch atlanta braves baseball free,USD,500,Low,18,1.42,4.22,,,,,,,,,,,,,,,,,,atlanta,,,Non-Brands,"mlb, sports"
detroit tigers live stream reddit,USD,50,Low,2,,,,,,,,,,,,,,,,,,,,detroit tigers,reddit,,,mlb
cubs live stream free,USD,500,Low,8,0.87,3.06,,,,,,,,,,,,,,,,,,chicago,,cubs,,game online
watch detroit tigers live free,USD,500,Medium,37,1.25,5.8,,,,,,,,,,,,,,,,,,detroit tigers,,,Non-Brands,"mlb, game online"
what channel is the cleveland indians game on,USD,500,Low,0,,,,,,,,,,,,,,,,,,,,cleveland indians,,,Non-Brands,sports
chicago white sox stream,USD,500,Low,3,1.13,3.83,,,,,,,,,,,,,,,,,,chicago,,chicago white sox,,mlb
cincinnati reds live stream reddit,USD,50,Low,3,,,,,,,,,,,,,,,,,,,,reds,reddit,cincinnati reds,,mlb
colorado rockies live stream reddit,USD,50,Low,3,,,,,,,,,,,,,,,,,,,,colorado rockies,reddit,,,mlb
detroit tigers stream,USD,500,Low,12,1.36,5.49,,,,,,,,,,,,,,,,,,detroit tigers,,,Non-Brands,
atlanta braves game today live,USD,50,Low,2,,,,,,,,,,,,,,,,,,,,atlanta,,,Non-Brands,sports
arizona diamondbacks live stream,USD,50,Low,11,0.97,4.79,,,,,,,,,,,,,,,,,,arizona diamondbacks,,,Non-Brands,game online
watch chicago white sox,USD,50,Low,5,0.9,1.55,,,,,,,,,,,,,,,,,,chicago,,chicago white sox,,
stream cleveland indians,USD,500,Low,9,1.06,4.94,,,,,,,,,,,,,,,,,,cleveland indians,,,Non-Brands,sports
chicago cubs game today live,USD,50,Low,2,,,,,,,,,,,,,,,,,,,,chicago,,cubs,,
chicago white sox live stream reddit,USD,50,Low,0,,,,,,,,,,,,,,,,,,,,chicago,reddit,chicago white sox,,mlb
watch cubs game online free,USD,500,Low,19,1.3,6.2,,,,,,,,,,,,,,,,,,chicago,,cubs,,game online
atlanta braves youtube tv,USD,50,Low,2,3.9,11.17,,,,,,,,,,,,,,,,,,atlanta,youtube,,,sports
watch colorado rockies,USD,50,High,98,1.92,3.64,,,,,,,,,,,,,,,,,,colorado rockies,,,Non-Brands,mlb
watch cubs game today,USD,50,Low,7,0.85,2.62,,,,,,,,,,,,,,,,,,chicago,,cubs,,
watch cleveland indians live,USD,50,Low,21,1.03,2.42,,,,,,,,,,,,,,,,,,cleveland indians,,,Non-Brands,sports
atlanta braves live stream free,USD,50,Low,16,1.21,4.59,,,,,,,,,,,,,,,,,,atlanta,,,Non-Brands,"mlb, sports, game online"
watch detroit tigers live,USD,500,Low,18,1.04,2.23,,,,,,,,,,,,,,,,,,detroit tigers,,,Non-Brands,mlb
atlanta braves free stream,USD,50,Low,10,,,,,,,,,,,,,,,,,,,,atlanta,,,Non-Brands,"sports, game online"
stream atlanta braves baseball,USD,50,Low,15,0.88,5.29,,,,,,,,,,,,,,,,,,atlanta,,,Non-Brands,"mlb, sports"
atlanta braves free live stream,USD,50,Low,9,,,,,,,,,,,,,,,,,,,,atlanta,,,Non-Brands,"sports, game online"
chicago white sox live stream free,USD,50,Low,23,1.37,2.64,,,,,,,,,,,,,,,,,,chicago,,chicago white sox,,game online
atlanta braves stream reddit,USD,50,Low,0,,,,,,,,,,,,,,,,,,,,atlanta,reddit,,,mlb
watch cubs baseball,USD,50,Low,22,1.12,5.06,,,,,,,,,,,,,,,,,,chicago,,cubs,,sports
cubs game live stream free,USD,50,Low,13,,,,,,,,,,,,,,,,,,,,chicago,,cubs,,game online
arizona diamondbacks live stream free,USD,50,Low,11,0.9,1.42,,,,,,,,,,,,,,,,,,arizona diamondbacks,,,Non-Brands,game online
atlanta braves reddit stream,USD,50,Low,0,,,,,,,,,,,,,,,,,,,,atlanta,reddit,,,mlb
watch cubs online,USD,50,Low,16,1.4,5.84,,,,,,,,,,,,,,,,,,chicago,,cubs,,game online
detroit tigers game live,USD,50,Low,4,0.71,1.7,,,,,,,,,,,,,,,,,,detroit tigers,,,Non-Brands,mlb
watch atlanta braves game,USD,50,Low,7,,,,,,,,,,,,,,,,,,,,atlanta,,,Non-Brands,sports
cincinnati reds streaming,USD,50,Low,12,1.18,5.5,,,,,,,,,,,,,,,,,,reds,,cincinnati reds,,mlb
watch cubs online free,USD,50,Low,11,,,,,,,,,,,,,,,,,,,,chicago,,cubs,,"mlb, game online"
chicago white sox live stream free reddit,USD,50,Low,6,,,,,,,,,,,,,,,,,,,,chicago,reddit,chicago white sox,,game online
watch atlanta braves game live online free reddit,USD,50,Low,3,,,,,,,,,,,,,,,,,,,,atlanta,reddit,,,"sports, game online"
atlanta braves game live stream,USD,50,Low,26,1.27,4.11,,,,,,,,,,,,,,,,,,atlanta,,,Non-Brands,"mlb, game online"
atlanta braves streaming live,USD,500,Low,21,1.03,5.34,,,,,,,,,,,,,,,,,,atlanta,,,Non-Brands,"sports, game online"
cubs live stream game,USD,50,Low,17,,,,,,,,,,,,,,,,,,,,chicago,,cubs,,game online
stream cubs game free,USD,500,Low,9,0.8,2.18,,,,,,,,,,,,,,,,,,chicago,,cubs,,game online
atlanta braves on youtube tv,USD,50,Low,3,1.8,7.33,,,,,,,,,,,,,,,,,,atlanta,youtube,,,
cincinnati reds stream,USD,50,Low,5,0.73,1.23,,,,,,,,,,,,,,,,,,reds,,cincinnati reds,,mlb
youtube tv atlanta braves,USD,50,Low,6,5.35,14.46,,,,,,,,,,,,,,,,,,atlanta,youtube,,,sports
cubs brewers stream,USD,50,Low,0,,,,,,,,,,,,,,,,,,,,chicago,,cubs,,mlb
watch cubs spring training,USD,50,Low,2,0.51,1.9,,,,,,,,,,,,,,,,,,chicago,,cubs,,
watch cubs games online,USD,50,Low,9,1.03,6.61,,,,,,,,,,,,,,,,,,chicago,,cubs,,"mlb, game online"
watch cincinnati reds online free,USD,50,Low,2,,,,,,,,,,,,,,,,,,,,reds,,cincinnati reds,,game online
stream cubs game today,USD,50,Low,7,,,,,,,,,,,,,,,,,,,,chicago,,cubs,,
stream cubs baseball,USD,50,Low,11,0.8,5.48,,,,,,,,,,,,,,,,,,chicago,,cubs,,sports
chicago white sox stream reddit,USD,50,Low,0,,,,,,,,,,,,,,,,,,,,chicago,reddit,chicago white sox,,mlb
atlanta braves live broadcast,USD,50,Low,17,,,,,,,,,,,,,,,,,,,,atlanta,,,Non-Brands,sports
hulu cubs games,USD,50,Low,2,,,,,,,,,,,,,,,,,,,,chicago,hulu,cubs,,sports
cubs brewers live stream,USD,50,Low,7,,,,,,,,,,,,,,,,,,,,chicago,,cubs,,mlb
watch atlanta braves online free,USD,50,Low,6,,,,,,,,,,,,,,,,,,,,atlanta,,,Non-Brands,"sports, game online"
cubs live stream today,USD,50,Low,26,,,,,,,,,,,,,,,,,,,,chicago,,cubs,,
stream atlanta braves game,USD,50,Low,7,0.97,1.96,,,,,,,,,,,,,,,,,,atlanta,,,Non-Brands,sports
cubs world series watch,USD,50,Medium,40,,,,,,,,,,,,,,,,,,,,chicago,,cubs,,mlb
mlb tv cubs,USD,50,Low,11,0.6,1.95,,,,,,,,,,,,,,,,,,chicago,,cubs,,"mlb, sports"
live stream atlanta braves baseball,USD,50,Low,28,1.18,5.98,,,,,,,,,,,,,,,,,,atlanta,,,Non-Brands,"mlb, sports"
watch cincinnati reds live,USD,50,Low,19,0.92,1.76,,,,,,,,,,,,,,,,,,reds,,cincinnati reds,,"mlb, sports"
cleveland indians stream reddit,USD,50,Low,0,,,,,,,,,,,,,,,,,,,,cleveland indians,reddit,,,mlb
reddit atlanta braves stream,USD,50,Low,0,,,,,,,,,,,,,,,,,,,,atlanta,reddit,,,mlb
atlanta braves live stream youtube,USD,50,Low,9,,,,,,,,,,,,,,,,,,,,atlanta,youtube,,,
detroit tigers stream reddit,USD,50,Low,0,,,,,,,,,,,,,,,,,,,,detroit tigers,reddit,,,mlb
cincinnati reds streaming live,USD,50,Low,14,1.18,4.52,,,,,,,,,,,,,,,,,,reds,,cincinnati reds,,"mlb, game online"
fox sports cincinnati streaming,USD,50,Low,20,2.27,5.5,,,,,,,,,,,,,,,,,,reds,,cincinnati reds,,sports
watch chicago white sox live,USD,50,Low,9,0.8,1.87,,,,,,,,,,,,,,,,,,chicago,,chicago white sox,,
cubs reds stream,USD,50,Low,0,,,,,,,,,,,,,,,,,,,,"chicago, reds",,cubs,,mlb
chicago white sox watch,USD,50,High,100,0.15,0.72,,,,,,,,,,,,,,,,,,chicago,,chicago white sox,,
stream chicago white sox game,USD,50,Low,11,,,,,,,,,,,,,,,,,,,,chicago,,chicago white sox,,
atlanta braves live stream tv,USD,50,Low,20,,,,,,,,,,,,,,,,,,,,atlanta,,,Non-Brands,"mlb, game online"
watch boston red sox,USD,50,Low,19,0.77,3.02,,,,,,,,,,,,,,,,,,"reds, boston",,boston red sox,,sports
watch atlanta braves online for free,USD,50,Low,14,,,,,,,,,,,,,,,,,,,,atlanta,,,Non-Brands,"sports, game online"
cubs sox live stream,USD,50,Low,3,,,,,,,,,,,,,,,,,,,,chicago,,cubs,,
cubs baseball live stream,USD,50,Low,17,1.17,3.43,,,,,,,,,,,,,,,,,,chicago,,cubs,,sports
watch atlanta braves baseball,USD,50,Low,17,1.96,4.74,,,,,,,,,,,,,,,,,,atlanta,,,Non-Brands,"mlb, sports"
colorado rockies stream reddit,USD,50,Low,0,,,,,,,,,,,,,,,,,,,,colorado rockies,reddit,,,mlb
atlanta braves streaming free,USD,50,Low,17,,,,,,,,,,,,,,,,,,,,atlanta,,,Non-Brands,"sports, game online"
cubs pirates live stream,USD,50,Low,14,,,,,,,,,,,,,,,,,,,,chicago,,cubs,,
cubs game tonight live,USD,50,Low,5,,,,,,,,,,,,,,,,,,,,chicago,,cubs,,
channel for cubs game,USD,5000,Low,0,1.09,1.7,,,,,,,,,,,,,,,,,,chicago,,cubs,,
watch atlanta braves game today,USD,50,Low,7,,,,,,,,,,,,,,,,,,,,atlanta,,,Non-Brands,sports
watch chicago white sox online free,USD,50,Low,14,0.92,1.75,,,,,,,,,,,,,,,,,,chicago,,chicago white sox,,game online
chicago cubs reddit live stream,USD,50,Low,0,,,,,,,,,,,,,,,,,,,,chicago,reddit,cubs,,mlb
watch detroit tigers online free,USD,50,Low,24,,,,,,,,,,,,,,,,,,,,detroit tigers,,,Non-Brands,game online
watch boston red sox live,USD,50,Low,5,,,,,,,,,,,,,,,,,,,,boston,,boston red sox,,
cubs game today live stream,USD,50,Low,20,0.77,4.74,,,,,,,,,,,,,,,,,,chicago,,cubs,,game online
streaming cubs baseball,USD,50,Low,16,1.49,5.77,,,,,,,,,,,,,,,,,,chicago,,cubs,,sports
chicago cubs live streaming,USD,500,Low,13,1.34,5.5,,,,,,,,,,,,,,,,,,chicago,,cubs,,mlb
atlanta braves game tonight live,USD,50,Medium,43,,,,,,,,,,,,,,,,,,,,atlanta,,,Non-Brands,sports
watch atlanta braves live online free,USD,50,Medium,44,1.36,8.97,,,,,,,,,,,,,,,,,,atlanta,,,Non-Brands,"sports, game online"
reddit detroit tigers stream,USD,50,Low,0,,,,,,,,,,,,,,,,,,,,detroit tigers,reddit,,,mlb
watch cubs sox game live,USD,50,Low,13,,,,,,,,,,,,,,,,,,,,chicago,,cubs,,game online
watch cubs game live free,USD,50,Low,27,,,,,,,,,,,,,,,,,,,,chicago,,cubs,,game online
chicago white sox free live stream,USD,50,Low,4,,,,,,,,,,,,,,,,,,,,chicago,,chicago white sox,,game online
watch the atlanta braves live,USD,50,Medium,38,,,,,,,,,,,,,,,,,,,,atlanta,,,Non-Brands,sports
detroit tigers streaming live free,USD,50,Low,32,,,,,,,,,,,,,,,,,,,,detroit tigers,,,Non-Brands,game online
detroit tigers game live stream free,USD,50,Low,27,1.1,4.51,,,,,,,,,,,,,,,,,,detroit tigers,,,Non-Brands,game online
how to watch cleveland indians games,USD,50,Low,1,,,,,,,,,,,,,,,,,,,,cleveland indians,,,Non-Brands,sports
live stream cubs game today,USD,50,Medium,34,1.37,4.88,,,,,,,,,,,,,,,,,,chicago,,cubs,,
watch colorado rockies live,USD,50,Low,0,,,,,,,,,,,,,,,,,,,,colorado rockies,,,Non-Brands,
mlb cubs stream,USD,50,Low,1,,,,,,,,,,,,,,,,,,,,chicago,,cubs,,"mlb, sports"
stream cubs games 2020,USD,50,Low,4,,,,,,,,,,,,,,,,,,,,chicago,,cubs,,
channel is the cubs game on,USD,50,Low,0,,,,,,,,,,,,,,,,,,,,chicago,,cubs,,
cubs game streaming free,USD,50,Low,10,,,,,,,,,,,,,,,,,,,,chicago,,cubs,,"mlb, game online"
watch atlanta braves live free,USD,50,Medium,38,,,,,,,,,,,,,,,,,,,,atlanta,,,Non-Brands,"sports, game online"
watch colorado rockies online,USD,50,Unknown,,,,,,,,,,,,,,,,,,,,,colorado rockies,,,Non-Brands,game online
cubs mlb stream,USD,50,Low,1,,,,,,,,,,,,,,,,,,,,chicago,,cubs,,"mlb, sports"
cubs pirates stream,USD,50,Low,0,,,,,,,,,,,,,,,,,,,,chicago,,cubs,,game online
watch the houston astros game,USD,50,Low,12,,,,,,,,,,,,,,,,,,,,,,,,
watch the kansas city royals game,USD,50,Low,0,,,,,,,,,,,,,,,,,,,,,,,,
watch the milwaukee brewers game,USD,50,Low,0,,,,,,,,,,,,,,,,,,,,,,,,
watch the minnesota twins game,USD,50,Low,10,,,,,,,,,,,,,,,,,,,,,,,,
watch the new york yankees game,USD,50,Low,21,,,,,,,,,,,,,,,,,,,,,,,,
watch the los angeles angels game,USD,,Unknown,,,,,,,,,,,,,,,,,,,,,,,,,
watch the los angeles dodgers game,USD,,Unknown,,,,,,,,,,,,,,,,,,,,,,,,,
watch the miami marlins game,USD,,Unknown,,,,,,,,,,,,,,,,,,,,,,,,,
watch the new york mets game,USD,,Unknown,,,,,,,,,,,,,,,,,,,,,,,,,
watch the oakland athletics game,USD,,Unknown,,,,,,,,,,,,,,,,,,,,,,,,,
astros live stream,USD,5000,Low,21,1.58,5.42,,,,,,,,,,,,,,,,,,astros,,Non-Brands,,
watch yankee game live free online,USD,5000,Low,22,1.03,2.07,,,,,,,,,,,,,,,,,,yankees,,Non-Brands,"mlb, new york",
houston astros live stream,USD,500,Low,21,1.53,5.35,,,,,,,,,,,,,,,,,,astros,,Non-Brands,mlb,
watch astros live,USD,500,Low,28,1.29,6.32,,,,,,,,,,,,,,,,,,astros,,Non-Brands,mlb,
astros game today live,USD,500,Low,5,1.39,3.36,,,,,,,,,,,,,,,,,,astros,,Non-Brands,mlb,
watch yankees,USD,5000,High,94,0.52,1.59,,,,,,,,,,,,,,,,,,yankees,,Non-Brands,"mlb, new york",
watch astros game,USD,500,Low,10,2.02,11.12,,,,,,,,,,,,,,,,,,astros,,Non-Brands,mlb,
new york yankees live stream,USD,500,Low,16,1.02,5.27,,,,,,,,,,,,,,,,,,yankees,,Non-Brands,"mlb, new york",
stream yankees game,USD,5000,Low,13,0.89,2.92,,,,,,,,,,,,,,,,,,yankees,,Non-Brands,"mlb, new york",
astros stream,USD,500,Low,15,2.21,6.31,,,,,,,,,,,,,,,,,,astros,,Non-Brands,mlb,
los angeles dodgers live stream,USD,500,Low,18,1.13,5.4,,,,,,,,,,,,,,,,,,los angeles dodgers,,Non-Brands,mlb,
what channel is the royals game on,USD,500,Low,1,,,,,,,,,,,,,,,,,,,,royals,,Non-Brands,,
watch yankees game,USD,500,Low,12,0.61,1.67,,,,,,,,,,,,,,,,,,yankees,,Non-Brands,"mlb, new york",
astros game live stream,USD,500,Low,30,1.5,5.5,,,,,,,,,,,,,,,,,,astros,,Non-Brands,mlb,
watch yankees online,USD,500,Low,17,1.09,5.52,,,,,,,,,,,,,,,,,,yankees,,Non-Brands,"mlb, new york",
houston astros live stream reddit,USD,500,Low,2,,,,,,,,,,,,,,,,,,,,astros,reddit,,mlb,
watch astros game live,USD,500,Low,11,1.31,6.23,,,,,,,,,,,,,,,,,,astros,,Non-Brands,mlb,
watch astros,USD,500,High,100,1.25,10.01,,,,,,,,,,,,,,,,,,astros,,Non-Brands,mlb,
stream astros game,USD,500,Low,14,2.97,8,,,,,,,,,,,,,,,,,,astros,,Non-Brands,mlb,
watch twins game live free,USD,500,Low,33,1.14,4.75,,,,,,,,,,,,,,,,,,twins,,Non-Brands,mlb,
oakland a's live stream,USD,500,Low,7,1.31,4.49,,,,,,,,,,,,,,,,,,oakland a's,,Non-Brands,,
yankees streaming,USD,5000,Low,6,0.88,4.06,,,,,,,,,,,,,,,,,,yankees,,Non-Brands,"mlb, new york",
astros game live stream free,USD,500,Low,21,1.16,5.02,,,,,,,,,,,,,,,,,,astros,,Non-Brands,,
watch mets game live,USD,500,Low,18,0.96,2.4,,,,,,,,,,,,,,,,,,mets,,Non-Brands,new york,
new york yankees stream,USD,500,Low,9,1.01,3.88,,,,,,,,,,,,,,,,,,yankees,,Non-Brands,"mlb, new york",
ny yankees live stream,USD,500,Low,16,1.25,5.27,,,,,,,,,,,,,,,,,,yankees,,Non-Brands,"mlb, new york",
houston astros game live stream free,USD,500,Low,7,,,,,,,,,,,,,,,,,,,,astros,,Non-Brands,mlb,
new york yankees live stream reddit,USD,500,Low,2,,,,,,,,,,,,,,,,,,,,yankees,reddit,,"mlb, new york",
new york yankees watch live,USD,50,Low,17,0.87,1.88,,,,,,,,,,,,,,,,,,yankees,,Non-Brands,new york,
live stream yankees game,USD,500,Low,22,1.17,5.27,,,,,,,,,,,,,,,,,,yankees,,Non-Brands,"mlb, new york",
stream twins game,USD,500,Low,5,,,,,,,,,,,,,,,,,,,,twins,,Non-Brands,mlb,
yankees free live stream,USD,500,Low,13,1.14,2.76,,,,,,,,,,,,,,,,,,yankees,,Non-Brands,"mlb, new york",
watch twins baseball,USD,500,Low,9,2.46,5.55,,,,,,,,,,,,,,,,,,twins,,Non-Brands,,
stream mets games,USD,500,Low,11,1.38,5.1,,,,,,,,,,,,,,,,,,mets,,Non-Brands,new york,
yankee game today live,USD,500,Low,3,0.92,1.53,,,,,,,,,,,,,,,,,,yankees,,Non-Brands,"mlb, new york",
watch mets game,USD,500,Low,7,1.4,4.34,,,,,,,,,,,,,,,,,,mets,,Non-Brands,new york,
oakland athletics live stream,USD,50,Low,11,1.53,4.14,,,,,,,,,,,,,,,,,,oakland a's,,Non-Brands,,
watch astros online,USD,500,Low,22,2.9,11.78,,,,,,,,,,,,,,,,,,astros,,Non-Brands,mlb,
stream yankees game free,USD,500,Low,17,1,1.4,,,,,,,,,,,,,,,,,,yankees,,Non-Brands,"mlb, new york",
watch astros game live free,USD,50,Low,29,1.74,5.98,,,,,,,,,,,,,,,,,,astros,,Non-Brands,mlb,
yankees stream live,USD,5000,Low,14,1.1,5.27,,,,,,,,,,,,,,,,,,yankees,,Non-Brands,"mlb, new york",
how to watch royals baseball without cable,USD,50,Low,12,1.21,5.5,,,,,,,,,,,,,,,,,,royals,,Non-Brands,,
milwaukee brewers live stream,USD,50,Low,16,1.36,5.5,,,,,,,,,,,,,,,,,,milwaukee brewers,,Non-Brands,,
new york yankees live stream free,USD,50,Low,15,1.03,1.81,,,,,,,,,,,,,,,,,,yankees,,Non-Brands,"mlb, new york",
mets game live stream free,USD,500,Low,20,1.08,3.1,,,,,,,,,,,,,,,,,,mets,,Non-Brands,new york,
yankees game live online for free,USD,50,Low,15,1.26,2.19,,,,,,,,,,,,,,,,,,yankees,,Non-Brands,"mlb, new york",
mlb stream yankees,USD,50,Low,2,,,,,,,,,,,,,,,,,,,,yankees,,Non-Brands,"mlb, new york",
mets game live stream,USD,500,Low,17,1.18,4.49,,,,,,,,,,,,,,,,,,mets,,Non-Brands,new york,
mlb stream astros,USD,50,Low,9,,,,,,,,,,,,,,,,,,,,astros,,Non-Brands,mlb,
watch twins game today,USD,50,Low,3,0.23,1.68,,,,,,,,,,,,,,,,,,twins,,Non-Brands,,
watch twins game,USD,50,Low,4,,,,,,,,,,,,,,,,,,,,twins,,Non-Brands,mlb,
mets game today live,USD,500,Low,3,0.94,1.94,,,,,,,,,,,,,,,,,,mets,,Non-Brands,new york,
yankees watch live,USD,500,Low,16,0.82,2.01,,,,,,,,,,,,,,,,,,yankees,,Non-Brands,"mlb, new york",
watch marlins game live,USD,50,Low,14,1.02,2.28,,,,,,,,,,,,,,,,,,marlins,,Non-Brands,,
astros rays live stream,USD,50,Low,0,,,,,,,,,,,,,,,,,,,,"astros, rays",,Non-Brands,,
twins game live stream,USD,50,Low,8,,,,,,,,,,,,,,,,,,,,twins,,Non-Brands,mlb,
yankees stream free,USD,500,Low,5,,,,,,,,,,,,,,,,,,,,yankees,,Non-Brands,"mlb, new york",
minnesota twins stream,USD,50,Low,3,,,,,,,,,,,,,,,,,,,,twins,,Non-Brands,,
minnesota twins live stream reddit,USD,50,Low,0,,,,,,,,,,,,,,,,,,,,twins,reddit,,mlb,
yankees rays live stream free,USD,50,Low,0,,,,,,,,,,,,,,,,,,,,"yankees, rays",,Non-Brands,mlb,
ny mets streaming,USD,500,Low,7,1.17,4.49,,,,,,,,,,,,,,,,,,mets,,Non-Brands,new york,
houston astros stream reddit,USD,50,Low,0,,,,,,,,,,,,,,,,,,,,astros,reddit,,mlb,
live twins game,USD,500,Low,3,,,,,,,,,,,,,,,,,,,,twins,,Non-Brands,mlb,
los angeles dodgers stream,USD,50,Low,3,,,,,,,,,,,,,,,,,,,,los angeles dodgers,,Non-Brands,mlb,
mn twins live stream reddit,USD,50,Low,1,,,,,,,,,,,,,,,,,,,,twins,reddit,,mlb,
astros free stream,USD,50,Low,13,,,,,,,,,,,,,,,,,,,,astros,,Non-Brands,,
rays astros stream,USD,50,Low,0,,,,,,,,,,,,,,,,,,,,"astros, rays",,Non-Brands,,
watch astros online free,USD,50,Low,3,,,,,,,,,,,,,,,,,,,,astros,,Non-Brands,mlb,
watch royals game,USD,50,Low,1,,,,,,,,,,,,,,,,,,,,royals,,Non-Brands,,
how to watch royals baseball,USD,50,Low,4,2.46,5.5,,,,,,,,,,,,,,,,,,royals,,Non-Brands,,
stream oakland a's,USD,500,Low,5,1.73,5.26,,,,,,,,,,,,,,,,,,oakland a's,,Non-Brands,,
stream twins baseball,USD,50,Low,8,2.39,5.55,,,,,,,,,,,,,,,,,,twins,,Non-Brands,mlb,
channel astros game,USD,50,Low,0,,,,,,,,,,,,,,,,,,,,astros,,Non-Brands,,
free astros live stream,USD,500,Low,19,1.29,6.47,,,,,,,,,,,,,,,,,,astros,,Non-Brands,,
yankees red sox stream,USD,50,Low,0,,,,,,,,,,,,,,,,,,,,yankees,,Non-Brands,"mlb, new york",
watch astros game today,USD,50,Low,10,,,,,,,,,,,,,,,,,,,,astros,,Non-Brands,mlb,
what channel is royals game on,USD,50,Low,1,,,,,,,,,,,,,,,,,,,,royals,,Non-Brands,,
watch twins game live,USD,50,Low,9,,,,,,,,,,,,,,,,,,,,twins,,Non-Brands,mlb,
astros rays stream,USD,50,Unknown,,,,,,,,,,,,,,,,,,,,,"astros, rays",,Non-Brands,,
los angeles dodgers free live stream,USD,50,Low,1,,,,,,,,,,,,,,,,,,,,los angeles dodgers,,Non-Brands,mlb,
mlb live stream astros,USD,50,Low,0,,,,,,,,,,,,,,,,,,,,astros,,Non-Brands,mlb,
new york mets stream,USD,50,Low,4,1.1,2.34,,,,,,,,,,,,,,,,,,mets,,Non-Brands,new york,
houston astros game today live,USD,50,Low,11,0.79,2.34,,,,,,,,,,,,,,,,,,astros,,Non-Brands,mlb,
los angeles dodgers live stream reddit,USD,50,Low,0,,,,,,,,,,,,,,,,,,,,los angeles dodgers,reddit,,mlb,
stream marlins game,USD,50,Low,0,,,,,,,,,,,,,,,,,,,,marlins,,Non-Brands,,
how to watch royals games,USD,500,Low,0,,,,,,,,,,,,,,,,,,,,royals,,Non-Brands,,
oakland athletics live stream free,USD,50,Low,18,1.08,3.01,,,,,,,,,,,,,,,,,,oakland a's,,Non-Brands,,
yankees mlb stream,USD,50,Low,0,,,,,,,,,,,,,,,,,,,,yankees,,Non-Brands,"mlb, new york",
watch ny yankees,USD,50,Medium,47,0.59,1.49,,,,,,,,,,,,,,,,,,yankees,,Non-Brands,"mlb, new york",
watch new york yankees,USD,50,Medium,44,0.6,1.62,,,,,,,,,,,,,,,,,,yankees,,Non-Brands,"mlb, new york",
mlb live stream yankees,USD,50,Low,12,0.86,5.98,,,,,,,,,,,,,,,,,,yankees,,Non-Brands,"mlb, new york",
twins game stream,USD,50,Low,1,,,,,,,,,,,,,,,,,,,,twins,,Non-Brands,,
yankees mets stream,USD,50,Unknown,,,,,,,,,,,,,,,,,,,,,"yankees, mets",,Non-Brands,"mlb, new york",
ny yankees live stream reddit,USD,50,Low,0,,,,,,,,,,,,,,,,,,,,yankees,reddit,,"mlb, new york",
astros game watch live,USD,50,Low,7,,,,,,,,,,,,,,,,,,,,astros,,Non-Brands,mlb,
marlins stream,USD,50,Low,3,,,,,,,,,,,,,,,,,,,,marlins,,Non-Brands,,
how to stream royals games,USD,50,Low,1,,,,,,,,,,,,,,,,,,,,royals,,Non-Brands,,
astros mlb stream,USD,50,Low,10,,,,,,,,,,,,,,,,,,,,astros,,Non-Brands,mlb,
yankees mets live stream,USD,50,Unknown,,,,,,,,,,,,,,,,,,,,,"yankees, mets",,Non-Brands,"mlb, new york",
yankees online stream,USD,50,Low,7,,,,,,,,,,,,,,,,,,,,yankees,,Non-Brands,"mlb, new york",
miami marlins live stream reddit,USD,50,Low,4,,,,,,,,,,,,,,,,,,,,marlins,reddit,,mlb,
oakland a's live stream free,USD,50,Low,13,,,,,,,,,,,,,,,,,,,,oakland a's,,Non-Brands,,
ny yankees streaming,USD,50,Low,8,0.79,4.7,,,,,,,,,,,,,,,,,,yankees,,Non-Brands,"mlb, new york",
watch mets sny,USD,50,Low,2,,,,,,,,,,,,,,,,,,,,mets,,Non-Brands,new york,
twins game today live,USD,50,Low,1,,,,,,,,,,,,,,,,,,,,twins,,Non-Brands,,
watch astros game tonight,USD,50,Low,0,,,,,,,,,,,,,,,,,,,,astros,,Non-Brands,mlb,
oakland a's free live stream,USD,50,Low,14,,,,,,,,,,,,,,,,,,,,oakland a's,,Non-Brands,,
yankees game stream free,USD,500,Low,11,1.06,1.92,,,,,,,,,,,,,,,,,,yankees,,Non-Brands,"mlb, new york",
ny yankees live stream free,USD,50,Low,8,1.17,4,,,,,,,,,,,,,,,,,,yankees,,Non-Brands,"mlb, new york",
new york yankees reddit stream,USD,50,Low,0,,,,,,,,,,,,,,,,,,,,yankees,reddit,,"mlb, new york",
milwaukee brewers watches,USD,50,High,95,0.22,0.66,,,,,,,,,,,,,,,,,,milwaukee brewers,,Non-Brands,,
stream royals baseball,USD,50,Low,5,1.49,5.17,,,,,,,,,,,,,,,,,,royals,,Non-Brands,,
watch ny yankees live,USD,50,Low,11,1.1,2.35,,,,,,,,,,,,,,,,,,yankees,,Non-Brands,"mlb, new york",
yankees game tonight live,USD,50,Low,3,,,,,,,,,,,,,,,,,,,,yankees,,Non-Brands,"mlb, new york",
twins live stream baseball,USD,50,Low,15,1.2,5.5,,,,,,,,,,,,,,,,,,twins,,Non-Brands,mlb,
watch milwaukee brewers live,USD,50,Low,11,0.93,1.55,,,,,,,,,,,,,,,,,,milwaukee brewers,,Non-Brands,,
watch rays astros,USD,50,Unknown,,,,,,,,,,,,,,,,,,,,,"astros, rays",,Non-Brands,mlb,
stream astros game live free,USD,50,Unknown,,,,,,,,,,,,,,,,,,,,,astros,,Non-Brands,mlb,
stream minnesota twins game,USD,50,Low,4,,,,,,,,,,,,,,,,,,,,twins,,Non-Brands,,
ny yankees stream,USD,50,Low,7,0.85,1.84,,,,,,,,,,,,,,,,,,yankees,,Non-Brands,"mlb, new york",
twins baseball stream,USD,50,Low,10,1.23,5.12,,,,,,,,,,,,,,,,,,twins,,Non-Brands,,
minnesota twins reddit stream,USD,50,Low,0,,,,,,,,,,,,,,,,,,,,twins,reddit,,mlb,
astros game today live free,USD,50,Low,0,,,,,,,,,,,,,,,,,,,,astros,,Non-Brands,mlb,
nyy game today live,USD,50,Low,1,,,,,,,,,,,,,,,,,,,,yankees,,Non-Brands,"mlb, new york",
astros live game free,USD,50,Unknown,,,,,,,,,,,,,,,,,,,,,astros,,Non-Brands,,
mets yankees live stream,USD,50,Unknown,,,,,,,,,,,,,,,,,,,,,"yankees, mets",,Non-Brands,"mlb, new york",
watch royals baseball,USD,50,Low,11,2.74,5.77,,,,,,,,,,,,,,,,,,royals,,Non-Brands,,
mets yankees stream,USD,50,Low,0,,,,,,,,,,,,,,,,,,,,"yankees, mets",,Non-Brands,"mlb, new york",
live stream twins baseball,USD,50,Low,8,,,,,,,,,,,,,,,,,,,,twins,,Non-Brands,,
los angeles dodgers watch,USD,50,High,100,,,,,,,,,,,,,,,,,,,,los angeles dodgers,,Non-Brands,mlb,
twins game streaming,USD,50,Low,5,,,,,,,,,,,,,,,,,,,,twins,,Non-Brands,,
astros game tonight live,USD,50,Low,0,,,,,,,,,,,,,,,,,,,,astros,,Non-Brands,mlb,
yankee games on amazon prime,USD,50,Low,8,1.95,1.95,,,,,,,,,,,,,,,,,,yankees,amazon prime,,new york,amazon
stream astros baseball,USD,50,Low,9,,,,,,,,,,,,,,,,,,,,astros,,Non-Brands,mlb,
watch astros rays,USD,50,Low,0,,,,,,,,,,,,,,,,,,,,"astros, rays",,Non-Brands,mlb,
watch los angeles dodgers live,USD,50,Low,14,,,,,,,,,,,,,,,,,,,,los angeles dodgers,,Non-Brands,mlb,
mlb astros live stream,USD,50,Low,11,,,,,,,,,,,,,,,,,,,,astros,,Non-Brands,mlb,
ny yankee game today live,USD,50,Low,3,,,,,,,,,,,,,,,,,,,,yankees,,Non-Brands,"mlb, new york",
los angeles dodgers live stream mlb,USD,50,Unknown,,,,,,,,,,,,,,,,,,,,,los angeles dodgers,,Non-Brands,mlb,
watch astros game free,USD,50,Medium,57,,,,,,,,,,,,,,,,,,,,astros,,Non-Brands,mlb,
mets spring training live stream,USD,50,Low,7,1.32,2.42,,,,,,,,,,,,,,,,,,mets,,Non-Brands,"mlb, new york",
yankees game watch live,USD,500,Low,18,0.68,2.14,,,,,,,,,,,,,,,,,,yankees,,Non-Brands,"mlb, new york",
astros game today live stream,USD,50,Low,14,1.94,5.27,,,,,,,,,,,,,,,,,,astros,,Non-Brands,,
milwaukee brewers streaming,USD,50,Low,10,1.42,6.05,,,,,,,,,,,,,,,,,,milwaukee brewers,,Non-Brands,,
astros live stream today,USD,50,Low,14,,,,,,,,,,,,,,,,,,,,astros,,Non-Brands,,
milwaukee brewers live stream reddit,USD,50,Low,0,,,,,,,,,,,,,,,,,,,,milwaukee brewers,reddit,,mlb,
rays yankees stream,USD,50,Unknown,,,,,,,,,,,,,,,,,,,,,"yankees, rays",amazon prime,,mlb,amazon
watch kansas city royals live,USD,50,Low,12,1.04,3.67,,,,,,,,,,,,,,,,,,royals,,Non-Brands,,
where to watch royals baseball,USD,50,Low,3,4.22,5.77,,,,,,,,,,,,,,,,,,royals,,Non-Brands,,
watch marlins game,USD,50,Low,1,,,,,,,,,,,,,,,,,,,,marlins,,Non-Brands,mlb,
milwaukee brewers stream,USD,50,Low,6,1,1.62,,,,,,,,,,,,,,,,,,milwaukee brewers,,Non-Brands,,
yankees baseball stream,USD,50,Low,9,0.93,4.44,,,,,,,,,,,,,,,,,,yankees,,Non-Brands,new york,
how to watch kansas city royals,USD,50,Low,3,0.37,1.62,,,,,,,,,,,,,,,,,,royals,,Non-Brands,,
watch astros baseball,USD,50,Low,14,2.5,6.32,,,,,,,,,,,,,,,,,,astros,,Non-Brands,mlb,
stream oakland a's game,USD,50,Low,8,,,,,,,,,,,,,,,,,,,,oakland a's,,Non-Brands,,
astros game 2 live stream,USD,50,Medium,38,,,,,,,,,,,,,,,,,,,,astros,,Non-Brands,mlb,
watch yankees free online,USD,500,Low,14,1.18,2.78,,,,,,,,,,,,,,,,,,yankees,,Non-Brands,"mlb, new york",
streaming astros games,USD,50,Low,21,2.95,6.02,,,,,,,,,,,,,,,,,,astros,,Non-Brands,mlb,
astros baseball live stream,USD,50,Low,7,,,,,,,,,,,,,,,,,,,,astros,,Non-Brands,,
watch los angeles dodgers,USD,50,High,96,,,,,,,,,,,,,,,,,,,,los angeles dodgers,,Non-Brands,mlb,
new york yankees game today live,USD,50,Low,4,,,,,,,,,,,,,,,,,,,,yankees,,Non-Brands,"mlb, new york",
watch astros game live free online,USD,50,Unknown,,,,,,,,,,,,,,,,,,,,,astros,,Non-Brands,mlb,
watch yankees mets,USD,50,Low,0,,,,,,,,,,,,,,,,,,,,"yankees, mets",,Non-Brands,"mlb, new york",
free astros game live stream,USD,50,Unknown,,,,,,,,,,,,,,,,,,,,,astros,,Non-Brands,mlb,
yankees mlb stream reddit,USD,50,Low,0,,,,,,,,,,,,,,,,,,,,yankees,reddit,,"mlb, new york",
new york yankees stream reddit,USD,50,Low,0,,,,,,,,,,,,,,,,,,,,yankees,reddit,,"mlb, new york",
astros live stream game,USD,50,Low,29,,,,,,,,,,,,,,,,,,,,astros,,Non-Brands,mlb,
mlb yankees live stream,USD,50,Low,4,,,,,,,,,,,,,,,,,,,,yankees,,Non-Brands,"mlb, new york",
watch yankees free,USD,50,Low,26,0.68,1.44,,,,,,,,,,,,,,,,,,yankees,,Non-Brands,"mlb, new york",
does youtube tv have fox sports kansas city,USD,50,Low,7,6.39,30.08,,,,,,,,,,,,,,,,,,royals,youtube,,,fox sports kansas city
free live stream astros game,USD,50,Medium,36,,,,,,,,,,,,,,,,,,,,astros,,Non-Brands,mlb,
minnesota twins free live stream,USD,50,Low,8,,,,,,,,,,,,,,,,,,,,twins,,Non-Brands,,
channel to watch astros game,USD,50,Low,0,,,,,,,,,,,,,,,,,,,,astros,,Non-Brands,mlb,
astros mlb live stream,USD,50,Low,10,,,,,,,,,,,,,,,,,,,,astros,,Non-Brands,mlb,
yankees game live stream youtube,USD,50,Low,10,0.89,2.22,,,,,,,,,,,,,,,,,,yankees,youtube,,"mlb, new york",
ny yankees stream reddit,USD,50,Low,0,,,,,,,,,,,,,,,,,,,,yankees,reddit,,"mlb, new york",
yankees spring training stream,USD,50,Low,3,,,,,,,,,,,,,,,,,,,,yankees,,Non-Brands,"mlb, new york",
what channel is the kansas city royals game on,USD,50,Low,0,,,,,,,,,,,,,,,,,,,,royals,,Non-Brands,,
yankees game today live stream free,USD,50,Low,12,0.97,1.76,,,,,,,,,,,,,,,,,,yankees,,Non-Brands,"mlb, new york",
mets spring training stream,USD,50,Low,5,1.33,5.09,,,,,,,,,,,,,,,,,,mets,,Non-Brands,new york,
minnesota twins watch live,USD,50,Low,19,1.04,1.93,,,,,,,,,,,,,,,,,,twins,,Non-Brands,,
watch yankees baseball,USD,50,Medium,50,0.93,5.25,,,,,,,,,,,,,,,,,,yankees,,Non-Brands,"mlb, new york",
mlb yankees stream,USD,50,Low,15,0.84,2,,,,,,,,,,,,,,,,,,yankees,,Non-Brands,"mlb, new york",
astros game stream free,USD,50,Low,7,,,,,,,,,,,,,,,,,,,,astros,,Non-Brands,mlb,
los angeles dodgers streaming,USD,50,Low,14,,,,,,,,,,,,,,,,,,,,los angeles dodgers,,Non-Brands,mlb,
watch astros spring training,USD,50,Low,8,0.99,7.48,,,,,,,,,,,,,,,,,,astros,,Non-Brands,,
yankees spring training live stream,USD,50,Low,6,1.03,3.81,,,,,,,,,,,,,,,,,,yankees,,Non-Brands,"mlb, new york",
stream astros free,USD,50,Medium,43,,,,,,,,,,,,,,,,,,,,astros,,Non-Brands,,
minnesota twins game today live,USD,50,Low,6,,,,,,,,,,,,,,,,,,,,twins,,Non-Brands,,
what streaming service has fox sports kansas city,USD,50,Low,24,0.98,4.99,,,,,,,,,,,,,,,,,,royals,,,,fox sports kansas city
watch twins baseball live,USD,50,Low,0,,,,,,,,,,,,,,,,,,,,twins,,Non-Brands,,
does hulu have fox sports kansas city,USD,50,Low,1,,,,,,,,,,,,,,,,,,,,royals,hulu,,,fox sports kansas city
watch yankees game free,USD,50,Low,23,1.02,2.31,,,,,,,,,,,,,,,,,,yankees,,Non-Brands,"mlb, new york",
los angeles dodgers watch live,USD,50,Low,19,,,,,,,,,,,,,,,,,,,,los angeles dodgers,,Non-Brands,mlb,
mlb live stream free astros,USD,50,Low,0,,,,,,,,,,,,,,,,,,,,astros,,Non-Brands,mlb,
watch yankees rays online free,USD,50,Unknown,,,,,,,,,,,,,,,,,,,,,"yankees, rays",,Non-Brands,mlb,
astros stream free,USD,50,Low,12,,,,,,,,,,,,,,,,,,,,astros,,Non-Brands,mlb,
mlb twins stream,USD,50,Low,0,,,,,,,,,,,,,,,,,,,,twins,,Non-Brands,mlb,
ny yankees game today live,USD,50,Low,5,,,,,,,,,,,,,,,,,,,,yankees,,Non-Brands,"mlb, new york",
marlins game live stream free,USD,50,Low,12,,,,,,,,,,,,,,,,,,,,marlins,,Non-Brands,,
stream sny mets games,USD,50,Low,17,1.55,3.91,,,,,,,,,,,,,,,,,,mets,,Non-Brands,new york,
stream mn twins baseball,USD,50,Low,7,3.06,5.77,,,,,,,,,,,,,,,,,,twins,,Non-Brands,,
watch astros free,USD,50,Medium,44,1.28,2.95,,,,,,,,,,,,,,,,,,astros,,Non-Brands,mlb,
watch astros tonight,USD,50,Unknown,,,,,,,,,,,,,,,,,,,,,astros,,Non-Brands,mlb,
mets baseball stream,USD,50,Low,13,1.14,6.32,,,,,,,,,,,,,,,,,,mets,,Non-Brands,new york,
stream minnesota twins baseball,USD,50,Low,11,,,,,,,,,,,,,,,,,,,,twins,,Non-Brands,mlb,
milwaukee brewers live stream free,USD,50,Low,12,,,,,,,,,,,,,,,,,,,,milwaukee brewers,,Non-Brands,,
watch astros game online,USD,50,Low,20,,,,,,,,,,,,,,,,,,,,astros,,Non-Brands,mlb,
how to watch the royals game today,USD,50,Low,0,,,,,,,,,,,,,,,,,,,,royals,,Non-Brands,,
reddit mlb yankees stream,USD,50,Low,0,,,,,,,,,,,,,,,,,,,,yankees,reddit,,"mlb, new york",
watch mets game online,USD,50,Low,17,1.09,5.09,,,,,,,,,,,,,,,,,,mets,,Non-Brands,new york,
milwaukee brewers streaming live,USD,50,Low,11,2.08,6.23,,,,,,,,,,,,,,,,,,milwaukee brewers,,Non-Brands,,
royals baseball live stream,USD,50,Low,19,1.3,7.11,,,,,,,,,,,,,,,,,,royals,,Non-Brands,,
houston astros game live stream,USD,50,Low,29,,,,,,,,,,,,,,,,,,,,astros,,Non-Brands,mlb,
live stream astros game today,USD,50,Low,14,,,,,,,,,,,,,,,,,,,,astros,,Non-Brands,mlb,
mets stream sny,USD,50,Low,5,,,,,,,,,,,,,,,,,,,,mets,,Non-Brands,new york,
stream the astros game live,USD,50,Low,29,,,,,,,,,,,,,,,,,,,,astros,,Non-Brands,mlb,
new york yankees free stream,USD,50,Low,2,,,,,,,,,,,,,,,,,,,,yankees,,Non-Brands,"mlb, new york",
stream ny yankees game,USD,50,Low,17,0.98,3.59,,,,,,,,,,,,,,,,,,yankees,,Non-Brands,"mlb, new york",
watch astros streaming,USD,50,Low,10,,,,,,,,,,,,,,,,,,,,astros,,Non-Brands,mlb,
yankees rays streaming,USD,50,Unknown,,,,,,,,,,,,,,,,,,,,,"yankees, rays",,Non-Brands,mlb,
stream ny mets game,USD,50,Low,11,1.85,4.21,,,,,,,,,,,,,,,,,,mets,,Non-Brands,new york,
watch yankees tonight,USD,50,Low,0,,,,,,,,,,,,,,,,,,,,yankees,,Non-Brands,"mlb, new york",
astros streaming service,USD,50,Low,22,2.8,5.79,,,,,,,,,,,,,,,,,,astros,,Non-Brands,,
reddit los angeles dodgers live stream,USD,50,Low,0,,,,,,,,,,,,,,,,,,,,los angeles dodgers,reddit,,mlb,
watch kansas city royals,USD,50,High,87,0.3,1.64,,,,,,,,,,,,,,,,,,royals,,Non-Brands,,
watch ny yankees online,USD,50,Low,10,1.16,4.44,,,,,,,,,,,,,,,,,,yankees,,Non-Brands,"mlb, new york",
watch the san francisco giants game,USD,50,Low,12,1.19,6.91,,,,,,,,,,,,,,,,,,,,,,
watch the st louis cardinals game,USD,50,Low,12,,,,,,,,,,,,,,,,,,,,,,,,
watch the tampa bay rays game,USD,50,Low,21,,,,,,,,,,,,,,,,,,,,,,,,
watch the texas rangers game,USD,50,Low,11,1.03,3.09,,,,,,,,,,,,,,,,,,,,,,
watch the toronto blue jays game,USD,50,Unknown,,,,,,,,,,,,,,,,,,,,,,,,,
watch the philadelphia phillies game,USD,,Unknown,,,,,,,,,,,,,,,,,,,,,,,,,
watch the pittsburgh pirates game,USD,,Unknown,,,,,,,,,,,,,,,,,,,,,,,,,
watch the san diego padres game,USD,,Unknown,,,,,,,,,,,,,,,,,,,,,,,,,
watch the seattle mariners game,USD,,Unknown,,,,,,,,,,,,,,,,,,,,,,,,,
watch the washington nationals game,USD,,Unknown,,,,,,,,,,,,,,,,,,,,,,,,,
what channel is the rays game on,USD,5000,Low,0,,,,,,,,,,,,,,,,,,,,rays,,Non-Brands,,
toronto blue jays live stream,USD,50,Low,10,1.16,4.55,,,,,,,,,,,,,,,,,,toronto blue jays,,Non-Brands,,
st louis cardinals live stream,USD,500,Low,19,1.32,5.08,,,,,,,,,,,,,,,,,,st louis cardinals,,Non-Brands,,
tampa bay rays live stream,USD,500,Low,22,1.34,5.5,,,,,,,,,,,,,,,,,,rays,,Non-Brands,,
watch padres game,USD,500,Low,2,,,,,,,,,,,,,,,,,,,,padres,,Non-Brands,,
texas rangers live stream,USD,500,Low,18,1.51,5.5,,,,,,,,,,,,,,,,,,texas rangers,,Non-Brands,,
padres stream,USD,500,Low,4,1.59,7.6,,,,,,,,,,,,,,,,,,padres,,Non-Brands,,
padres live stream free,USD,500,Low,15,1.04,4.38,,,,,,,,,,,,,,,,,,padres,,Non-Brands,,
what channel is the tampa bay rays game on,USD,500,Low,0,,,,,,,,,,,,,,,,,,,,rays,,Non-Brands,,
stream padres game,USD,500,Low,7,0.85,3.86,,,,,,,,,,,,,,,,,,padres,,Non-Brands,,
padres game live stream,USD,500,Low,20,1.33,5.58,,,,,,,,,,,,,,,,,,padres,,Non-Brands,,
sf giants live stream,USD,500,Low,8,1.39,5.27,,,,,,,,,,,,,,,,,,giants,sf giants,,,
watch rays game live,USD,500,Low,10,1.12,3.34,,,,,,,,,,,,,,,,,,rays,,Non-Brands,,
what channel is rays game on,USD,500,Low,0,,,,,,,,,,,,,,,,,,,,rays,,Non-Brands,,
watch padres game live,USD,500,Low,10,1.14,2.4,,,,,,,,,,,,,,,,,,padres,,Non-Brands,,
toronto blue jays stream,USD,50,Low,3,,,,,,,,,,,,,,,,,,,,toronto blue jays,,Non-Brands,,
dodgers vs rays online,USD,50,Unknown,,,,,,,,,,,,,,,,,,,,,"rays, dodgers",,Non-Brands,,
watch padres live,USD,500,Low,8,1.08,2.12,,,,,,,,,,,,,,,,,,padres,,Non-Brands,,
pittsburgh pirates live stream,USD,500,Low,11,1.66,5.27,,,,,,,,,,,,,,,,,,pittsburgh pirates,,Non-Brands,,
toronto blue jays live stream reddit,USD,50,Low,1,,,,,,,,,,,,,,,,,,,,toronto blue jays,reddit,,,
rays vs dodgers live stream,USD,50,Low,0,,,,,,,,,,,,,,,,,,,,"rays, dodgers",,Non-Brands,,
stl cardinals live stream,USD,500,Low,11,1.95,5.4,,,,,,,,,,,,,,,,,,st louis cardinals,,Non-Brands,,
what channel is the nationals game on,USD,500,Low,0,,,,,,,,,,,,,,,,,,,,washington nationals,nationals,,,
padres game stream,USD,500,Low,8,1.24,3.83,,,,,,,,,,,,,,,,,,padres,,Non-Brands,,
sf giants stream,USD,500,Low,6,1.39,4.6,,,,,,,,,,,,,,,,,,giants,sf giants,,,
watch sf giants game live online free,USD,500,Low,27,1.06,4.56,,,,,,,,,,,,,,,,,,giants,sf giants,,,
texas rangers live stream reddit,USD,50,Low,4,,,,,,,,,,,,,,,,,,,,texas rangers,reddit,,,
san francisco giants live stream,USD,50,Low,16,1.32,4.84,,,,,,,,,,,,,,,,,,giants,sf giants,,,
st louis cardinals live stream reddit,USD,50,Low,7,1.26,2.52,,,,,,,,,,,,,,,,,,st louis cardinals,reddit,,,
watch rays game tonight,USD,50,Low,5,,,,,,,,,,,,,,,,,,,,rays,,Non-Brands,,
watch padres,USD,500,High,77,2.12,7.87,,,,,,,,,,,,,,,,,,padres,,Non-Brands,,
watch tampa bay rays,USD,50,Low,28,,,,,,,,,,,,,,,,,,,,rays,,Non-Brands,,
watch st louis cardinals,USD,50,Low,25,0.84,2.1,,,,,,,,,,,,,,,,,,st louis cardinals,,Non-Brands,,
how to watch st louis cardinals,USD,50,Low,6,0.42,1.32,,,,,,,,,,,,,,,,,,st louis cardinals,,Non-Brands,,
how to watch st louis cardinals without cable,USD,500,Low,12,0.79,3.42,,,,,,,,,,,,,,,,,,st louis cardinals,,Non-Brands,,
tampa bay rays stream,USD,500,Low,6,,,,,,,,,,,,,,,,,,,,rays,,Non-Brands,,
houston astros vs tampa bay rays live stream,USD,50,Unknown,,,,,,,,,,,,,,,,,,,,,"rays, astros",houston astros,,,
rays game live stream,USD,50,Low,12,,,,,,,,,,,,,,,,,,,,rays,,Non-Brands,,
watch texas rangers,USD,500,High,99,0.58,2.2,,,,,,,,,,,,,,,,,,texas rangers,,Non-Brands,,
tampa bay rays vs houston astros live stream,USD,50,Low,0,,,,,,,,,,,,,,,,,,,,"rays, astros",houston astros,,,
watch rays game,USD,500,Low,2,,,,,,,,,,,,,,,,,,,,rays,,Non-Brands,,
what channel is the st louis cardinals game on,USD,500,Low,1,0.99,1.3,,,,,,,,,,,,,,,,,,st louis cardinals,,Non-Brands,,
rays vs yankees live stream,USD,500,Low,0,,,,,,,,,,,,,,,,,,,,rays,,Non-Brands,,
padres streaming,USD,50,Low,6,1.78,5.54,,,,,,,,,,,,,,,,,,padres,,Non-Brands,,
how to watch texas rangers baseball,USD,50,Low,6,2.66,5.5,,,,,,,,,,,,,,,,,,texas rangers,,Non-Brands,,
how to watch texas rangers without cable,USD,50,Low,7,1.09,3.76,,,,,,,,,,,,,,,,,,texas rangers,,Non-Brands,,
stream rays game,USD,50,Low,7,,,,,,,,,,,,,,,,,,,,rays,,Non-Brands,,
washington nationals live stream reddit,USD,50,Low,0,,,,,,,,,,,,,,,,,,,,washington nationals,"nationals, reddit",,,
how to watch rays game,USD,50,Low,0,,,,,,,,,,,,,,,,,,,,rays,,Non-Brands,,
dodgers vs rays live free,USD,50,Unknown,,,,,,,,,,,,,,,,,,,,,"rays, dodgers",,Non-Brands,,
philadelphia phillies live stream,USD,50,Low,10,1.31,5.49,,,,,,,,,,,,,,,,,,philadelphia phillies,,Non-Brands,,
st louis cardinals live stream free,USD,50,Low,15,1.24,3.06,,,,,,,,,,,,,,,,,,st louis cardinals,,Non-Brands,,
how can i watch the rays game tonight,USD,50,Low,8,,,,,,,,,,,,,,,,,,,,rays,,Non-Brands,,
watch toronto blue jays online free,USD,50,Low,5,,,,,,,,,,,,,,,,,,,,toronto blue jays,,Non-Brands,,
watch texas rangers live,USD,50,Low,14,0.89,3.54,,,,,,,,,,,,,,,,,,texas rangers,,Non-Brands,,
stream mariners games,USD,500,Low,4,1.18,2.78,,,,,,,,,,,,,,,,,,mariners,,Non-Brands,,
rays dodgers live stream,USD,50,Unknown,,,,,,,,,,,,,,,,,,,,,"rays, dodgers",,Non-Brands,,
rays game stream,USD,50,Low,4,,,,,,,,,,,,,,,,,,,,rays,,Non-Brands,,
watch nationals game,USD,50,Low,1,,,,,,,,,,,,,,,,,,,,washington nationals,nationals,,,
how to watch st louis cardinals games,USD,50,Low,8,0.72,2.04,,,,,,,,,,,,,,,,,,st louis cardinals,,Non-Brands,,
rays live stream free,USD,50,Low,22,1.32,2.68,,,,,,,,,,,,,,,,,,rays,,Non-Brands,,
dodgers vs rays free live stream,USD,50,Unknown,,,,,,,,,,,,,,,,,,,,,"rays, dodgers",,Non-Brands,,
padres game today live,USD,50,Low,1,,,,,,,,,,,,,,,,,,,,padres,,Non-Brands,,
what channel is the rays baseball game on,USD,50,Low,2,,,,,,,,,,,,,,,,,,,,rays,,Non-Brands,,
watch texas rangers live streaming free,USD,50,Low,25,1.34,5.13,,,,,,,,,,,,,,,,,,texas rangers,,Non-Brands,,
what channel is the rays playing on,USD,50,Low,1,,,,,,,,,,,,,,,,,,,,rays,,Non-Brands,,
watch toronto blue jays live,USD,50,Low,26,,,,,,,,,,,,,,,,,,,,toronto blue jays,,Non-Brands,,
padres live stream tv,USD,50,Low,23,1.13,5.35,,,,,,,,,,,,,,,,,,padres,,Non-Brands,,
padres game live stream free,USD,50,Low,16,,,,,,,,,,,,,,,,,,,,padres,,Non-Brands,,
padres free live stream,USD,50,Low,9,,,,,,,,,,,,,,,,,,,,padres,,Non-Brands,,
what channel is the rays game,USD,50,Low,0,,,,,,,,,,,,,,,,,,,,rays,,Non-Brands,,
sf giants stream reddit,USD,50,Low,0,,,,,,,,,,,,,,,,,,,,giants,"sf giants, reddit",,,
what channel is the texas rangers game on,USD,500,Low,0,,,,,,,,,,,,,,,,,,,,texas rangers,,Non-Brands,,
how to watch rays games without cable,USD,50,Low,6,1.06,4.69,,,,,,,,,,,,,,,,,,rays,,Non-Brands,,
rays game live stream free,USD,50,Low,14,0.79,1.6,,,,,,,,,,,,,,,,,,rays,,Non-Brands,,
what channel rays game,USD,50,Low,0,,,,,,,,,,,,,,,,,,,,rays,,Non-Brands,,
watch tampa bay rays game live,USD,50,Low,11,1.19,1.81,,,,,,,,,,,,,,,,,,rays,,Non-Brands,,
watch mariners baseball,USD,50,Low,8,,,,,,,,,,,,,,,,,,,,mariners,,Non-Brands,,
where can i watch the rays game,USD,50,Low,5,,,,,,,,,,,,,,,,,,,,rays,,Non-Brands,,
stream padres game free,USD,50,Low,11,1.06,7.63,,,,,,,,,,,,,,,,,,padres,,Non-Brands,,
padres watch,USD,50,High,100,,,,,,,,,,,,,,,,,,,,padres,,Non-Brands,,
texas rangers game live,USD,50,Low,8,1.09,2.13,,,,,,,,,,,,,,,,,,texas rangers,,Non-Brands,,
stream sf giants game,USD,50,Low,11,1.08,2.47,,,,,,,,,,,,,,,,,,giants,sf giants,,,
where to watch rays game,USD,50,Low,0,,,,,,,,,,,,,,,,,,,,rays,,Non-Brands,,
dodgers vs rays online stream,USD,50,Unknown,,,,,,,,,,,,,,,,,,,,,"rays, dodgers",,Non-Brands,,
padres dodgers stream,USD,50,Low,4,,,,,,,,,,,,,,,,,,,,"padres, dodgers",,Non-Brands,,
how to watch texas rangers,USD,50,Low,2,1.04,4.35,,,,,,,,,,,,,,,,,,texas rangers,,Non-Brands,,
giants dodgers live stream,USD,500,Low,6,,,,,,,,,,,,,,,,,,,,"giants, dodgers",,Non-Brands,,
how to watch the rays game,USD,50,Low,4,,,,,,,,,,,,,,,,,,,,rays,,Non-Brands,,
watch rays live,USD,50,Low,5,1.52,2.12,,,,,,,,,,,,,,,,,,rays,,Non-Brands,,
how to watch tampa bay rays,USD,50,Low,2,,,,,,,,,,,,,,,,,,,,rays,,Non-Brands,,
watch giants baseball,USD,50,Low,28,2.5,4.94,,,,,,,,,,,,,,,,,,giants,sf giants,,,
watch st louis cardinals live,USD,50,Low,23,0.87,2.53,,,,,,,,,,,,,,,,,,st louis cardinals,,Non-Brands,,
stream texas rangers game,USD,50,Low,7,1.32,4.58,,,,,,,,,,,,,,,,,,texas rangers,,Non-Brands,,
watch pittsburgh pirates live stream free reddit,USD,50,Low,7,,,,,,,,,,,,,,,,,,,,pittsburgh pirates,reddit,,,
dodgers vs rays free stream,USD,50,Unknown,,,,,,,,,,,,,,,,,,,,,"rays, dodgers",,Non-Brands,,
how to stream st louis cardinals games,USD,50,Low,15,0.58,1.7,,,,,,,,,,,,,,,,,,st louis cardinals,,Non-Brands,,
what channel is the rays on,USD,50,Low,2,,,,,,,,,,,,,,,,,,,,rays,,Non-Brands,,
padres free stream,USD,50,Low,8,,,,,,,,,,,,,,,,,,,,padres,,Non-Brands,,
toronto blue jays live stream free,USD,50,Low,0,,,,,,,,,,,,,,,,,,,,toronto blue jays,,Non-Brands,,
watch pittsburgh pirate game,USD,50,Low,9,1,3.02,,,,,,,,,,,,,,,,,,pittsburgh pirates,,Non-Brands,,
sf giants live stream free,USD,50,Low,12,1.3,3.26,,,,,,,,,,,,,,,,,,giants,sf giants,,,
watch sf giants game,USD,50,Low,7,2.38,5.89,,,,,,,,,,,,,,,,,,giants,sf giants,,,
tampa bay rays watch,USD,50,High,100,,,,,,,,,,,,,,,,,,,,rays,,Non-Brands,,
st louis cardinals stream,USD,50,Low,10,0.75,1.86,,,,,,,,,,,,,,,,,,st louis cardinals,,Non-Brands,,
tampa bay rays watch live,USD,50,Low,7,,,,,,,,,,,,,,,,,,,,rays,,Non-Brands,,
watch padres online,USD,50,Low,11,,,,,,,,,,,,,,,,,,,,padres,,Non-Brands,,
watch dodgers padres,USD,50,Low,3,,,,,,,,,,,,,,,,,,,,"padres, dodgers",,Non-Brands,,
toronto blue jays stream reddit,USD,50,Low,0,,,,,,,,,,,,,,,,,,,,toronto blue jays,reddit,,,
what channel are the rays on today,USD,50,Low,1,,,,,,,,,,,,,,,,,,,,rays,,Non-Brands,,
how can i watch st louis cardinals games,USD,50,Low,5,0.46,1.44,,,,,,,,,,,,,,,,,,st louis cardinals,,Non-Brands,,
san francisco giants live stream reddit,USD,50,Low,0,,,,,,,,,,,,,,,,,,,,giants,reddit,,,
what channel is the washington nationals game on,USD,50,Low,0,,,,,,,,,,,,,,,,,,,,washington nationals,nationals,,,
watch san diego padres live,USD,50,Low,5,,,,,,,,,,,,,,,,,,,,padres,,Non-Brands,,
stream st louis cardinals game,USD,50,Low,10,0.8,1.96,,,,,,,,,,,,,,,,,,st louis cardinals,,Non-Brands,,
san diego padres live stream free,USD,50,Low,8,,,,,,,,,,,,,,,,,,,,padres,,Non-Brands,,
watch toronto blue jays game today,USD,50,Low,7,,,,,,,,,,,,,,,,,,,,toronto blue jays,,Non-Brands,,
rays game today live,USD,50,Low,3,,,,,,,,,,,,,,,,,,,,rays,,Non-Brands,,
watch san diego padres,USD,50,Low,26,,,,,,,,,,,,,,,,,,,,padres,,Non-Brands,,
what channel tampa bay rays game,USD,50,Unknown,,,,,,,,,,,,,,,,,,,,,rays,,Non-Brands,,
tampa bay rays free live stream,USD,50,Low,7,,,,,,,,,,,,,,,,,,,,rays,,Non-Brands,,
padres game live free,USD,50,Low,20,,,,,,,,,,,,,,,,,,,,padres,,Non-Brands,,
giants dodgers stream,USD,50,Low,5,,,,,,,,,,,,,,,,,,,,"giants, dodgers",,Non-Brands,,
padres dodgers live stream,USD,50,Low,12,,,,,,,,,,,,,,,,,,,,"padres, dodgers",,Non-Brands,,
how to watch nationals game,USD,50,Low,0,,,,,,,,,,,,,,,,,,,,washington nationals,nationals,,,
how to watch washington nationals without cable,USD,50,Low,9,1.31,5.52,,,,,,,,,,,,,,,,,,washington nationals,nationals,,,
watch padres online free,USD,50,Low,10,,,,,,,,,,,,,,,,,,,,padres,,Non-Brands,,
where to watch tampa bay rays,USD,50,Low,0,,,,,,,,,,,,,,,,,,,,rays,,Non-Brands,,
dodgers vs rays live streaming,USD,50,Unknown,,,,,,,,,,,,,,,,,,,,,"rays, dodgers",,Non-Brands,,
rays game tv channel,USD,50,Low,0,,,,,,,,,,,,,,,,,,,,rays,,Non-Brands,,
rays vs dodgers stream,USD,50,Unknown,,,,,,,,,,,,,,,,,,,,,"rays, dodgers",,Non-Brands,,
where to watch rays game tonight,USD,50,Unknown,,,,,,,,,,,,,,,,,,,,,rays,,Non-Brands,,
padres stream live,USD,50,Low,16,1.12,4.55,,,,,,,,,,,,,,,,,,padres,,Non-Brands,,
washington nationals streaming,USD,50,Low,6,1.58,5.5,,,,,,,,,,,,,,,,,,washington nationals,nationals,,,
stl cardinals stream,USD,50,Low,1,,,,,,,,,,,,,,,,,,,,st louis cardinals,,Non-Brands,,
watch the padres game,USD,50,Low,2,,,,,,,,,,,,,,,,,,,,padres,,Non-Brands,,
rays dodgers stream,USD,50,Unknown,,,,,,,,,,,,,,,,,,,,,"rays, dodgers",,Non-Brands,,
san francisco giants stream,USD,50,Low,6,0.92,2.41,,,,,,,,,,,,,,,,,,giants,sf giants,,,
toronto blue jays free stream,USD,50,Low,2,,,,,,,,,,,,,,,,,,,,toronto blue jays,,Non-Brands,,
watch padres game online free,USD,50,Low,14,,,,,,,,,,,,,,,,,,,,padres,,Non-Brands,,
st louis cardinals streaming,USD,50,Low,11,0.96,5.5,,,,,,,,,,,,,,,,,,st louis cardinals,,Non-Brands,,
how to watch rays baseball,USD,50,Low,4,1.61,5.5,,,,,,,,,,,,,,,,,,rays,,Non-Brands,,
rays yankees live stream,USD,50,Unknown,,,,,,,,,,,,,,,,,,,,,rays,,Non-Brands,,
watch stl cardinals live,USD,50,Low,14,0.95,2.01,,,,,,,,,,,,,,,,,,st louis cardinals,,Non-Brands,,
watch dodgers vs rays,USD,50,Low,0,,,,,,,,,,,,,,,,,,,,"rays, dodgers",,Non-Brands,,
how to watch rays game tonight,USD,50,Low,0,,,,,,,,,,,,,,,,,,,,rays,,Non-Brands,,
channel rays game,USD,50,Unknown,,,,,,,,,,,,,,,,,,,,,rays,,Non-Brands,,
san diego padres live streaming,USD,50,Low,17,,,,,,,,,,,,,,,,,,,,padres,,Non-Brands,,
tampa bay rays streaming free,USD,50,Low,20,1.19,1.6,,,,,,,,,,,,,,,,,,rays,,Non-Brands,,
toronto blue jays reddit stream,USD,50,Low,0,,,,,,,,,,,,,,,,,,,,toronto blue jays,reddit,,,
pirates game live stream,USD,50,Low,16,1.58,5.4,,,,,,,,,,,,,,,,,,pittsburgh pirates,,Non-Brands,,
padres game free live stream,USD,50,Low,10,,,,,,,,,,,,,,,,,,,,padres,,Non-Brands,,
how to watch the rays game today,USD,50,Low,5,,,,,,,,,,,,,,,,,,,,rays,,Non-Brands,,
washington nationals stream,USD,50,Low,3,,,,,,,,,,,,,,,,,,,,washington nationals,nationals,,,
how to watch the rays game tonight,USD,50,Unknown,,,,,,,,,,,,,,,,,,,,,rays,,Non-Brands,,
tampa bay rays where to watch,USD,50,Low,2,,,,,,,,,,,,,,,,,,,,rays,,Non-Brands,,
watch texas rangers online live free,USD,50,Low,19,1.2,2.13,,,,,,,,,,,,,,,,,,texas rangers,,Non-Brands,,
how to watch tampa bay rays without cable,USD,50,Low,14,1.16,3.33,,,,,,,,,,,,,,,,,,rays,,Non-Brands,,
stream yankees rays,USD,500,Unknown,,,,,,,,,,,,,,,,,,,,,rays,,Non-Brands,,
dodgers vs rays watch live,USD,50,Unknown,,,,,,,,,,,,,,,,,,,,,"rays, dodgers",,Non-Brands,,
how to watch stl cardinals games,USD,50,Low,4,0.52,2.22,,,,,,,,,,,,,,,,,,st louis cardinals,,Non-Brands,,
watch sf giants game online free,USD,50,Low,2,,,,,,,,,,,,,,,,,,,,giants,sf giants,,,
how to stream the rays game,USD,50,Low,0,,,,,,,,,,,,,,,,,,,,rays,,Non-Brands,,
san diego padres streaming live,USD,50,Low,19,1.97,5.98,,,,,,,,,,,,,,,,,,padres,,Non-Brands,,
streaming mariners baseball,USD,50,Low,1,,,,,,,,,,,,,,,,,,,,mariners,,Non-Brands,,
watch nationals baseball,USD,50,Low,17,,,,,,,,,,,,,,,,,,,,washington nationals,nationals,,,
channel for rays game,USD,50,Low,0,,,,,,,,,,,,,,,,,,,,rays,,Non-Brands,,
astros vs tampa bay live stream,USD,50,Low,0,,,,,,,,,,,,,,,,,,,,"rays, astros",,Non-Brands,,
texas rangers live stream free,USD,50,Low,14,1.32,3.94,,,,,,,,,,,,,,,,,,texas rangers,,Non-Brands,,
what channel is tampa bay rays game on,USD,50,Low,0,,,,,,,,,,,,,,,,,,,,rays,,Non-Brands,,
san diego padres watch live,USD,50,Low,7,,,,,,,,,,,,,,,,,,,,padres,,Non-Brands,,
st louis cardinals streaming live free,USD,50,Medium,41,1.25,3.88,,,,,,,,,,,,,,,,,,st louis cardinals,,Non-Brands,,
watch padres game today,USD,50,Low,2,,,,,,,,,,,,,,,,,,,,padres,,Non-Brands,,
watch sf giants live,USD,50,Low,5,,,,,,,,,,,,,,,,,,,,giants,sf giants,,,
watch rays baseball,USD,50,Low,15,,,,,,,,,,,,,,,,,,,,rays,,Non-Brands,,
watch dodgers vs rays live,USD,50,Unknown,,,,,,,,,,,,,,,,,,,,,"rays, dodgers",,Non-Brands,,
how to watch the st louis cardinals,USD,50,Low,4,0.43,1.26,,,,,,,,,,,,,,,,,,st louis cardinals,,Non-Brands,,
rays yankees stream,USD,50,Unknown,,,,,,,,,,,,,,,,,,,,,rays,,Non-Brands,,
how to watch rays games,USD,50,Low,2,,,,,,,,,,,,,,,,,,,,rays,,Non-Brands,,
padres at dodgers live stream,USD,50,Low,14,,,,,,,,,,,,,,,,,,,,"padres, dodgers",,Non-Brands,,
watch toronto blue jays live free,USD,50,Unknown,,,,,,,,,,,,,,,,,,,,,toronto blue jays,,Non-Brands,,
what channel is the tampa bay rays baseball game on,USD,50,Low,1,,,,,,,,,,,,,,,,,,,,rays,,Non-Brands,,
dodgers vs tampa bay live stream,USD,50,Unknown,,,,,,,,,,,,,,,,,,,,,"rays, dodgers",,Non-Brands,,
watch yankees vs rays live,USD,50,Unknown,,,,,,,,,,,,,,,,,,,,,rays,,Non-Brands,,
watch mariners game live,USD,50,Low,3,,,,,,,,,,,,,,,,,,,,mariners,,Non-Brands,,
what channel is nats game on,USD,50,Low,0,,,,,,,,,,,,,,,,,,,,washington nationals,nationals,,,
how can i watch the rays game,USD,50,Low,3,,,,,,,,,,,,,,,,,,,,rays,,Non-Brands,,
watch nats game live,USD,50,Low,20,0.9,1.79,,,,,,,,,,,,,,,,,,washington nationals,nationals,,,
rays baseball live stream free,USD,50,Low,22,,,,,,,,,,,,,,,,,,,,rays,,Non-Brands,,
where to watch yankees vs rays,USD,50,Unknown,,,,,,,,,,,,,,,,,,,,,rays,,Non-Brands,,
watch mariners game,USD,50,Low,3,,,,,,,,,,,,,,,,,,,,mariners,,Non-Brands,,
how to stream tampa bay rays,USD,50,Low,1,,,,,,,,,,,,,,,,,,,,rays,,Non-Brands,,
watch rays game today,USD,50,Low,4,,,,,,,,,,,,,,,,,,,,rays,,Non-Brands,,
watch san francisco giants game online free,USD,50,Low,14,0.99,1.91,,,,,,,,,,,,,,,,,,giants,sf giants,,,
giants baseball live stream,USD,50,Low,16,1.15,5.77,,,,,,,,,,,,,,,,,,giants,,Non-Brands,,
where to watch texas rangers,USD,50,Low,1,,,,,,,,,,,,,,,,,,,,texas rangers,,Non-Brands,,
free padres live stream,USD,50,Low,28,1.34,5.5,,,,,,,,,,,,,,,,,,padres,,Non-Brands,,
watch rays game live online free,USD,50,Low,21,1.05,1.88,,,,,,,,,,,,,,,,,,rays,,Non-Brands,,
yankees vs rays watch live,USD,50,Unknown,,,,,,,,,,,,,,,,,,,,,rays,,Non-Brands,,
what channel is the tampa bay baseball game on,USD,50,Low,0,,,,,,,,,,,,,,,,,,,,rays,,Non-Brands,,
how to watch nationals game today,USD,50,Low,3,,,,,,,,,,,,,,,,,,,,washington nationals,nationals,,,
watch nats game,USD,50,Low,0,,,,,,,,,,,,,,,,,,,,washington nationals,nationals,,,
what channel is texas rangers game on,USD,50,Low,0,,,,,,,,,,,,,,,,,,,,texas rangers,,Non-Brands,,
watch mariners game today,USD,50,Low,4,,,,,,,,,,,,,,,,,,,,mariners,,Non-Brands,,
where to watch the rays game,USD,50,Low,0,,,,,,,,,,,,,,,,,,,,rays,,Non-Brands,,
how to watch tampa bay rays game,USD,50,Low,3,,,,,,,,,,,,,,,,,,,,rays,,Non-Brands,,
where can i watch the rays game tonight,USD,50,Low,29,,,,,,,,,,,,,,,,,,,,rays,,Non-Brands,,
how to watch yankees rays,USD,50,Unknown,,,,,,,,,,,,,,,,,,,,,rays,,Non-Brands,,
watch stl cardinals game live,USD,50,Low,7,1.04,2.55,,,,,,,,,,,,,,,,,,st louis cardinals,,Non-Brands,,
what channel is rays game,USD,50,Low,0,,,,,,,,,,,,,,,,,,,,rays,,Non-Brands,,
what channel is the stl cardinals game on,USD,50,Low,0,,,,,,,,,,,,,,,,,,,,st louis cardinals,,Non-Brands,,
padres game watch,USD,50,Low,10,,,,,,,,,,,,,,,,,,,,padres,,Non-Brands,,
san diego padres game live stream,USD,50,Low,16,,,,,,,,,,,,,,,,,,,,padres,,Non-Brands,,
watch padres live online free,USD,50,Low,24,1.32,6.87,,,,,,,,,,,,,,,,,,padres,,Non-Brands,,
dodger vs rays live stream,USD,50,Unknown,,,,,,,,,,,,,,,,,,,,,"rays, dodgers",,Non-Brands,,
watch pittsburgh pirates live,USD,50,Low,10,1.12,2.33,,,,,,,,,,,,,,,,,,pittsburgh pirates,,Non-Brands,,
how to watch tampa bay rays online,USD,50,Low,18,,,,,,,,,,,,,,,,,,,,rays,,Non-Brands,,
padres cardinals stream,USD,50,Unknown,,,,,,,,,,,,,,,,,,,,,padres,,Non-Brands,,
stl cardinals live stream free,USD,50,Low,5,,,,,,,,,,,,,,,,,,,,st louis cardinals,,Non-Brands,,
watch tampa bay rays game,USD,50,Low,6,,,,,,,,,,,,,,,,,,,,rays,,Non-Brands,,
what channel is the st louis cardinals baseball game on,USD,50,Low,0,,,,,,,,,,,,,,,,,,,,st louis cardinals,,Non-Brands,,
how to watch nats game,USD,50,Low,1,,,,,,,,,,,,,,,,,,,,washington nationals,nationals,,,
how to watch yankees vs rays,USD,50,Low,0,,,,,,,,,,,,,,,,,,,,rays,,Non-Brands,,
sf giants game live stream free,USD,50,Low,2,,,,,,,,,,,,,,,,,,,,giants,sf giants,,,
watch padres game live online free,USD,50,Low,21,1.61,7.4,,,,,,,,,,,,,,,,,,padres,,Non-Brands,,
st louis cardinals stream reddit,USD,50,Low,0,,,,,,,,,,,,,,,,,,,,st louis cardinals,reddit,,,
st louis cardinals baseball live broadcast,USD,50,Low,14,,,,,,,,,,,,,,,,,,,,st louis cardinals,,Non-Brands,,
washington nationals live stream free,USD,50,Low,0,,,,,,,,,,,,,,,,,,,,washington nationals,nationals,,,
sf giants game live stream,USD,50,Low,18,0.56,4.71,,,,,,,,,,,,,,,,,,giants,sf giants,,,
tampa bay rays reddit stream,USD,50,Low,0,,,,,,,,,,,,,,,,,,,,rays,reddit,,,
watch philadelphia phillies,USD,50,Low,7,0.96,5.32,,,,,,,,,,,,,,,,,,philadelphia phillies,,Non-Brands,,
sf giants game today live,USD,50,Low,7,0.99,1.49,,,,,,,,,,,,,,,,,,giants,sf giants,,,
how to watch stl cardinals without cable,USD,50,Low,10,0.85,4.41,,,,,,,,,,,,,,,,,,st louis cardinals,,Non-Brands,,
houston astros vs washington nationals live stream,USD,50,Low,5,,,,,,,,,,,,,,,,,,,,"washington nationals, astros","nationals, houston astros",,,
how to watch rays baseball without cable,USD,50,Low,10,1.35,5.17,,,,,,,,,,,,,,,,,,rays,,Non-Brands,,
streaming st louis cardinals baseball,USD,50,Low,28,1,5.35,,,,,,,,,,,,,,,,,,st louis cardinals,,Non-Brands,,
watch sf giants game live,USD,50,Low,9,1.29,4.06,,,,,,,,,,,,,,,,,,giants,sf giants,,,
watch yankees rays online free,USD,50,Unknown,,,,,,,,,,,,,,,,,,,,,rays,,Non-Brands,,
seattle mariners baseball live stream,USD,50,Low,16,,,,,,,,,,,,,,,,,,,,mariners,,Non-Brands,,
tampa bay rays live stream free,USD,50,Low,2,,,,,,,,,,,,,,,,,,,,rays,,Non-Brands,,
philadelphia phillies stream,USD,50,Low,7,0.68,1.54,,,,,,,,,,,,,,,,,,philadelphia phillies,,Non-Brands,,
san francisco giants watch,USD,50,High,100,0.43,3.63,,,,,,,,,,,,,,,,,,giants,sf giants,,,
st louis cardinals vs milwaukee brewers live stream free,USD,50,Unknown,,,,,,,,,,,,,,,,,,,,,st louis cardinals,,Non-Brands,,
stream toronto blue jays free,USD,50,Low,0,,,,,,,,,,,,,,,,,,,,toronto blue jays,,Non-Brands,,
tampa bay rays streaming,USD,50,Low,6,,,,,,,,,,,,,,,,,,,,rays,,Non-Brands,,
watch padres baseball,USD,50,Low,16,1.46,5.53,,,,,,,,,,,,,,,,,,padres,,Non-Brands,,
houston astros vs tampa bay rays free live stream,USD,50,Unknown,,,,,,,,,,,,,,,,,,,,,"rays, astros",houston astros,,,
san diego padres streaming,USD,50,Low,4,,,,,,,,,,,,,,,,,,,,padres,,Non-Brands,,
how to stream texas rangers games,USD,50,Low,5,0.37,2.5,,,,,,,,,,,,,,,,,,texas rangers,,Non-Brands,,
where can i watch texas rangers baseball,USD,50,Low,8,1.71,5.55,,,,,,,,,,,,,,,,,,texas rangers,,Non-Brands,,
stream the rays game,USD,50,Low,14,,,,,,,,,,,,,,,,,,,,rays,,Non-Brands,,
how to watch the tampa bay rays game,USD,50,Low,3,,,,,,,,,,,,,,,,,,,,rays,,Non-Brands,,
toronto blue jays streaming live free,USD,50,Low,14,,,,,,,,,,,,,,,,,,,,toronto blue jays,,Non-Brands,,
san diego padres watch,USD,50,High,100,,,,,,,,,,,,,,,,,,,,padres,,Non-Brands,,
san francisco giants game live stream free,USD,50,Low,5,,,,,,,,,,,,,,,,,,,,giants,,Non-Brands,,
watch texas rangers baseball,USD,50,Low,8,2.82,5.5,,,,,,,,,,,,,,,,,,texas rangers,,Non-Brands,,
how to watch texas rangers games,USD,50,Low,3,2.26,4.85,,,,,,,,,,,,,,,,,,texas rangers,,Non-Brands,,
padres game watch live,USD,50,Low,6,,,,,,,,,,,,,,,,,,,,padres,,Non-Brands,,
pittsburgh pirates live stream free,USD,50,Low,7,,,,,,,,,,,,,,,,,,,,pittsburgh pirates,,Non-Brands,,
where to watch the rays game today,USD,50,Low,3,,,,,,,,,,,,,,,,,,,,rays,,Non-Brands,,
free live stream padres game,USD,50,Low,14,,,,,,,,,,,,,,,,,,,,padres,,Non-Brands,,
watch padres game live free,USD,50,Low,27,,,,,,,,,,,,,,,,,,,,padres,,Non-Brands,,
how to watch nationals spring training games,USD,50,Low,4,,,,,,,,,,,,,,,,,,,,washington nationals,nationals,,,
padres game stream free,USD,50,Low,0,,,,,,,,,,,,,,,,,,,,padres,,Non-Brands,,
channel for padres game,USD,50,Low,0,,,,,,,,,,,,,,,,,,,,padres,,Non-Brands,,
how can i watch texas rangers baseball,USD,50,Low,11,2.61,5.77,,,,,,,,,,,,,,,,,,texas rangers,,Non-Brands,,
san diego padres game today live,USD,50,Low,7,,,,,,,,,,,,,,,,,,,,padres,,Non-Brands,,
stream pirates baseball,USD,50,Low,4,,,,,,,,,,,,,,,,,,,,pittsburgh pirates,,Non-Brands,,
tampa rays live stream,USD,50,Low,12,,,,,,,,,,,,,,,,,,,,rays,,Non-Brands,,
texas rangers game live stream free,USD,50,Low,19,1.31,4.36,,,,,,,,,,,,,,,,,,texas rangers,,Non-Brands,,
tampa bay rays how to watch,USD,50,Low,0,,,,,,,,,,,,,,,,,,,,rays,,Non-Brands,,
watch dodgers rays,USD,50,Unknown,,,,,,,,,,,,,,,,,,,,,"rays, dodgers",,Non-Brands,,
how to watch the nationals game tonight,USD,50,Low,0,,,,,,,,,,,,,,,,,,,,washington nationals,nationals,,,
pittsburgh pirates streaming,USD,50,Low,9,2.05,7.37,,,,,,,,,,,,,,,,,,pittsburgh pirates,,Non-Brands,,
watch pirates baseball,USD,50,Low,8,,,,,,,,,,,,,,,,,,,,pittsburgh pirates,,Non-Brands,,
watch san francisco giants live,USD,50,Low,4,,,,,,,,,,,,,,,,,,,,giants,sf giants,,,
stream mariners baseball,USD,50,Low,6,,,,,,,,,,,,,,,,,,,,mariners,,Non-Brands,,
padres giants live stream,USD,50,Low,3,,,,,,,,,,,,,,,,,,,,"padres, giants",,Non-Brands,,
stream san diego padres,USD,50,Low,4,,,,,,,,,,,,,,,,,,,,padres,,Non-Brands,,
rays game watch,USD,50,Low,4,,,,,,,,,,,,,,,,,,,,rays,,Non-Brands,,
tampa bay rays game live free,USD,50,Low,12,,,,,,,,,,,,,,,,,,,,rays,,Non-Brands,,
toronto blue jays game today live streaming,USD,50,Low,12,,,,,,,,,,,,,,,,,,,,toronto blue jays,,Non-Brands,,
st louis cardinals reddit stream,USD,50,Low,0,,,,,,,,,,,,,,,,,,,,st louis cardinals,reddit,,,
stream stl cardinals game,USD,50,Low,6,,,,,,,,,,,,,,,,,,,,st louis cardinals,,Non-Brands,,
san francisco giants live stream free,USD,50,Low,16,0.77,1.4,,,,,,,,,,,,,,,,,,giants,sf giants,,,
rays baseball live stream,USD,50,Low,21,,,,,,,,,,,,,,,,,,,,rays,,Non-Brands,,
watch padres game free,USD,50,Low,14,,,,,,,,,,,,,,,,,,,,padres,,Non-Brands,,
how to watch the nationals game,USD,50,Low,3,,,,,,,,,,,,,,,,,,,,washington nationals,nationals,,,
stl cardinals streaming,USD,50,Low,12,0.86,5.5,,,,,,,,,,,,,,,,,,st louis cardinals,,Non-Brands,,
washington nationals game live stream,USD,50,Low,12,0.96,4.94,,,,,,,,,,,,,,,,,,washington nationals,nationals,,,
watch texas rangers vs detroit tigers live free,USD,50,Unknown,,,,,,,,,,,,,,,,,,,,,texas rangers,,Non-Brands,,
giants baseball stream,USD,50,Low,6,2.12,4.15,,,,,,,,,,,,,,,,,,giants,,Non-Brands,,
watch san diego padres online free,USD,50,Low,21,,,,,,,,,,,,,,,,,,,,padres,,Non-Brands,,
how can i watch the texas rangers,USD,50,Low,2,,,,,,,,,,,,,,,,,,,,texas rangers,,Non-Brands,,
stream seattle mariners games free,USD,50,Low,0,,,,,,,,,,,,,,,,,,,,mariners,,Non-Brands,,