Keyword,Currency,Avg. monthly searches,Competition,Competition (indexed value),Top of page bid (low range),Top of page bid (high range),Ad impression share,Organic impression share,Organic average position,In account?,In plan?,Searches: Apr 2020,Searches: May 2020,Searches: Jun 2020,Searches: Jul 2020,Searches: Aug 2020,Searches: Sep 2020,Searches: Oct 2020,Searches: Nov 2020,Searches: Dec 2020,Searches: Jan 2021,Searches: Feb 2021,Searches: Mar 2021,Concept: Team,Concept: Year,Concept: Player,Concept: Other Brands,Concept: Others,Concept: Tv Network
san diego padres,USD,500000,Low,7,0.27,0.8,,,,,,,,,,,,,,,,,,,,,,,
padres baseball,USD,5000,Low,6,0.33,0.91,,,,,,,,,,,,,,,,,,,,,,,
padres game,USD,50000,Low,4,0.23,0.51,,,,,,,,,,,,,,,,,,,,,,,
padres schedule,USD,50000,Low,2,0.21,0.49,,,,,,,,,,,,,,,,,,,,,,,
petco park,USD,50000,Low,3,0.36,0.87,,,,,,,,,,,,,,,,,,,,,petco,,
mackenzie gore,USD,50000,Low,0,,,,,,,,,,,,,,,,,,,,,,,,mackenzie gore,
padres game today,USD,5000,Low,0,0.4,1.99,,,,,,,,,,,,,,,,,,,2020,,,today,
dodgers padres,USD,5000,Low,2,0.32,0.83,,,,,,,,,,,,,,,,,,dodgers,,,,,
san diego padres schedule,USD,5000,Low,5,0.21,0.58,,,,,,,,,,,,,,,,,,,,,,,
padres reddit,USD,5000,Low,0,,,,,,,,,,,,,,,,,,,,,,,reddit,,
aj preller,USD,5000,Low,0,,,,,,,,,,,,,,,,,,,,,,,,,
slam diego,USD,5000,High,100,0.24,3.45,,,,,,,,,,,,,,,,,,,,,,,
mlb padres,USD,5000,Low,8,0.44,1.15,,,,,,,,,,,,,,,,,,,,,,,
padres spring training,USD,5000,Low,24,0.29,0.97,,,,,,,,,,,,,,,,,,,2020,,,,
san diego baseball,USD,5000,Low,6,0.3,0.84,,,,,,,,,,,,,,,,,,,,,,,
padres schedule 2020,USD,5000,Low,1,0.33,0.6,,,,,,,,,,,,,,,,,,,2020,,,,
padres tickets,USD,5000,Medium,38,0.28,0.99,,,,,,,,,,,,,,,,,,,,,,,
padres playoffs,USD,5000,Low,0,,,,,,,,,,,,,,,,,,,,,,,,playoff,
san diego baseball team,USD,5000,Low,1,0.28,0.64,,,,,,,,,,,,,,,,,,,,,,,
padres cardinals,USD,5000,Low,4,0.36,0.95,,,,,,,,,,,,,,,,,,cards,,,cardinals,,
padres game tonight,USD,5000,Low,0,,,,,,,,,,,,,,,,,,,,,2020,,,today,
giants padres,USD,5000,Low,4,0.37,0.98,,,,,,,,,,,,,,,,,,giants,,,,,
padres today,USD,5000,Low,0,,,,,,,,,,,,,,,,,,,,,,,,today,
padres spring training tickets,USD,5000,Medium,55,0.46,1.65,,,,,,,,,,,,,,,,,,,,,,,
san diego padres baseball,USD,500,Low,19,0.42,0.98,,,,,,,,,,,,,,,,,,,,,,,
padres live,USD,500,Low,4,0.3,2.49,,,,,,,,,,,,,,,,,,,,,,,
san diego padres store,USD,5000,High,100,0.55,1.1,,,,,,,,,,,,,,,,,,,,,,,
san diego mlb,USD,500,Low,4,0.46,1.1,,,,,,,,,,,,,,,,,,,,,,,
san diego padres game,USD,5000,Low,28,0.22,0.58,,,,,,,,,,,,,,,,,,,2020,,,,
san diego padres tickets,USD,5000,Medium,41,0.3,1.1,,,,,,,,,,,,,,,,,,,,,,,
padres 2020 schedule,USD,500,Low,1,,,,,,,,,,,,,,,,,,,,,2020,,,,
padres game live,USD,5000,Low,4,0.33,2.36,,,,,,,,,,,,,,,,,,,,,,,
padres 2021 schedule,USD,500,Low,2,0.23,0.65,,,,,,,,,,,,,,,,,,,"2020, 2021",,,,
trey wingenter,USD,500,Low,0,,,,,,,,,,,,,,,,,,,,,,,,,
padres season tickets,USD,500,Low,5,0.38,1,,,,,,,,,,,,,,,,,,,,,,,
blake snell padres,USD,500,Low,4,,,,,,,,,,,,,,,,,,,,,2020,,,,
padres opening day,USD,5000,Low,4,0.17,0.42,,,,,,,,,,,,,,,,,,,,,,,
clevinger padres,USD,500,Low,0,,,,,,,,,,,,,,,,,,,,,2020,,,,
greg garcia padres,USD,500,Low,0,,,,,,,,,,,,,,,,,,,,,,,,,
padres dodgers game,USD,5000,Low,6,0.28,0.86,,,,,,,,,,,,,,,,,,dodgers,2020,,,,
padres next game,USD,500,Low,2,,,,,,,,,,,,,,,,,,,,,2020,,,,
sd padres schedule,USD,500,Low,3,0.2,0.48,,,,,,,,,,,,,,,,,,sd padres,,,,,
padres schedule 2021,USD,5000,Low,3,0.23,0.55,,,,,,,,,,,,,,,,,,,"2020, 2021",,,,
padres spring training 2021,USD,500,Low,23,0.29,0.93,,,,,,,,,,,,,,,,,,,2021,,,,
ryan weathers padres,USD,500,Low,1,,,,,,,,,,,,,,,,,,,,,,,,,
san diego padres official site,USD,500,High,93,0.37,0.88,,,,,,,,,,,,,,,,,,,,,,,
padres opening day 2021,USD,5000,Low,4,0.23,0.56,,,,,,,,,,,,,,,,,,,2021,,,,
san diego padres reddit,USD,500,Low,0,,,,,,,,,,,,,,,,,,,,,,,reddit,,
padres playoff schedule,USD,500,Low,0,,,,,,,,,,,,,,,,,,,,,,,,playoff,
the padres,USD,5000,Low,1,,,,,,,,,,,,,,,,,,,,,,,,,
padres espn,USD,500,Low,0,1.12,2.89,,,,,,,,,,,,,,,,,,,,,,,espn
padres spring training schedule,USD,500,Low,20,0.24,0.7,,,,,,,,,,,,,,,,,,,2020,,,,
padres mariners,USD,500,Low,1,,,,,,,,,,,,,,,,,,,,mariners,,,,,
padres rockies,USD,500,Low,3,0.39,1.04,,,,,,,,,,,,,,,,,,rockies,,,,,
san diego padres spring training,USD,500,Low,25,0.35,1.15,,,,,,,,,,,,,,,,,,,2020,,,,
mike clevinger padres,USD,500,Low,0,,,,,,,,,,,,,,,,,,,,,2020,,,,
dodgers and padres,USD,500,Low,9,0.34,0.86,,,,,,,,,,,,,,,,,,dodgers,,,,,
padres team,USD,500,Low,8,0.61,0.99,,,,,,,,,,,,,,,,,,,,,,,
quantrill padres,USD,500,Low,0,,,,,,,,,,,,,,,,,,,,,,,,,
san diego padres 2021 schedule,USD,500,Low,5,0.27,0.84,,,,,,,,,,,,,,,,,,,"2020, 2021",,,,
padres diamondbacks,USD,500,Low,4,0.32,1.05,,,,,,,,,,,,,,,,,,diamondbacks,,,,,
tingler padres,USD,500,Low,0,,,,,,,,,,,,,,,,,,,,,,,,,
dodgers v padres,USD,500,Low,6,0.45,1.33,,,,,,,,,,,,,,,,,,dodgers,,,,,
padres season tickets 2021,USD,500,Low,15,0.39,1.5,,,,,,,,,,,,,,,,,,,2021,,,,
padres front office,USD,500,Low,0,,,,,,,,,,,,,,,,,,,,,,,,,
san diego padres spring training tickets,USD,500,Medium,54,0.48,1.65,,,,,,,,,,,,,,,,,,,,,,,
rockies padres,USD,500,Low,2,,,,,,,,,,,,,,,,,,,,rockies,,,,,
padres rangers,USD,500,Low,5,0.43,1.32,,,,,,,,,,,,,,,,,,rangers,,,,,
padres angels,USD,500,Low,4,0.31,0.98,,,,,,,,,,,,,,,,,,angels,,,,,
san diego padres schedule 2020,USD,500,Low,0,,,,,,,,,,,,,,,,,,,,,"2020, 2019",,,,
san diego padres fernando tatis jr,USD,500,High,68,,,,,,,,,,,,,,,,,,,,,,,,fernando tatis jr,
san diego padres bleacher report,USD,500,Low,0,,,,,,,,,,,,,,,,,,,,,,,bleacher report,,
padres game schedule,USD,500,Low,4,0.21,0.45,,,,,,,,,,,,,,,,,,,2020,,,,
san diego padres game today,USD,500,Low,1,,,,,,,,,,,,,,,,,,,,,2020,,,today,
padres tv schedule 2020,USD,500,Low,0,,,,,,,,,,,,,,,,,,,,,2020,,,,
padres game tomorrow,USD,500,Low,1,0.2,0.45,,,,,,,,,,,,,,,,,,,2020,,,tomorrow,
1998 san diego padres,USD,500,Low,0,,,,,,,,,,,,,,,,,,,,,1998,,,,
san diego padres live,USD,500,Low,11,,,,,,,,,,,,,,,,,,,,,,,,,
mlb san diego padres,USD,500,Low,25,0.55,1.1,,,,,,,,,,,,,,,,,,,,,,,
padres tonight,USD,500,Low,0,,,,,,,,,,,,,,,,,,,,,,,,,
1984 san diego padres,USD,500,Low,7,,,,,,,,,,,,,,,,,,,,,1984,,,,
padres tv schedule,USD,500,Low,0,,,,,,,,,,,,,,,,,,,,,,,,,
san diego padres playoffs,USD,500,Low,0,,,,,,,,,,,,,,,,,,,,,,,,playoff,
padres game yesterday,USD,500,Low,0,,,,,,,,,,,,,,,,,,,,,2020,,,yesterday,
padres tickets 2021,USD,500,Medium,40,0.29,0.98,,,,,,,,,,,,,,,,,,,2021,,,,
padres opening day 2020,USD,500,Low,1,,,,,,,,,,,,,,,,,,,,,2020,,,,
padres postseason,USD,500,Low,0,,,,,,,,,,,,,,,,,,,,,,,,playoff,
padres sb nation,USD,500,Low,0,,,,,,,,,,,,,,,,,,,,,,,sb nation,,
padres baseball schedule,USD,500,Low,5,0.2,0.52,,,,,,,,,,,,,,,,,,,2020,,,,
padres playoffs 2020,USD,500,Low,0,,,,,,,,,,,,,,,,,,,,,2020,,,playoff,
snell padres,USD,50,Low,2,3.26,10.51,,,,,,,,,,,,,,,,,,,2020,,,,
padres home schedule,USD,500,Low,5,0.22,0.57,,,,,,,,,,,,,,,,,,,,,,,
randy jones padres,USD,500,Low,1,,,,,,,,,,,,,,,,,,,,,,,,,
san diego padres 2020,USD,500,Low,0,,,,,,,,,,,,,,,,,,,,,2020,,,,
andy green baseball,USD,500,Low,0,,,,,,,,,,,,,,,,,,,,,,,,,
gerardo reyes padres,USD,500,Low,0,,,,,,,,,,,,,,,,,,,,,,,,,
san diego padres website,USD,500,Low,6,0.3,0.62,,,,,,,,,,,,,,,,,,,,,,,
josh naylor padres,USD,500,Low,0,,,,,,,,,,,,,,,,,,,,,,,,,
dinelson lamet fangraphs,USD,500,Low,0,,,,,,,,,,,,,,,,,,,,,,dinelson lamet,fangraphs,,
hedges padres,USD,500,Medium,34,,,,,,,,,,,,,,,,,,,,austin,,austin hedges,,,
san diego padres schedule 2021,USD,500,Low,4,0.21,0.59,,,,,,,,,,,,,,,,,,,"2020, 2021",,,,
padres baseball team,USD,500,Low,6,,,,,,,,,,,,,,,,,,,,,,,,,
lucchesi padres,USD,500,Low,0,,,,,,,,,,,,,,,,,,,,,,,,joey lucchesi,
san diego padres 2020 schedule,USD,500,Low,0,,,,,,,,,,,,,,,,,,,,,2020,,,,
san francisco giants san diego padres,USD,500,Low,3,0.37,0.74,,,,,,,,,,,,,,,,,,"giants, sf",,,,,
san diego padres josh hader,USD,500,Low,0,,,,,,,,,,,,,,,,,,,,,,,,,
jake cronenworth padres,USD,500,Low,0,,,,,,,,,,,,,,,,,,,,,,,,,
andres munoz padres,USD,500,Low,0,,,,,,,,,,,,,,,,,,,,,,,,,
2020 san diego padres,USD,500,Low,0,,,,,,,,,,,,,,,,,,,,,2020,,,,
padres tv,USD,500,Low,1,0.75,4.03,,,,,,,,,,,,,,,,,,,,,,,
ryan weathers baseball,USD,500,Low,18,,,,,,,,,,,,,,,,,,,,,,,,,
2021 padres schedule,USD,500,Low,2,0.21,0.45,,,,,,,,,,,,,,,,,,,"2020, 2021",,,,
wil myers padres,USD,500,Low,0,,,,,,,,,,,,,,,,,,,,,,wil myers,,,
padres game 3,USD,500,Unknown,,,,,,,,,,,,,,,,,,,,,,,,,,
myers padres,USD,500,Low,1,,,,,,,,,,,,,,,,,,,,,,wil myers,,,
padres live game,USD,500,Low,2,,,,,,,,,,,,,,,,,,,,,,,,,
padres tatis jr,USD,500,High,100,,,,,,,,,,,,,,,,,,,,,,,,fernando tatis jr,
sd padres schedule 2020,USD,500,Low,0,,,,,,,,,,,,,,,,,,,,sd padres,"2020, 2019",,,,
dave roberts padres,USD,500,Low,0,,,,,,,,,,,,,,,,,,,,,,,,,
tatis jr padres,USD,500,Low,0,,,,,,,,,,,,,,,,,,,,,,,,fernando tatis jr,
padres spring training tv schedule,USD,500,Low,0,0.5,1.66,,,,,,,,,,,,,,,,,,,,,,,
padres dodgers 2020,USD,500,Low,0,,,,,,,,,,,,,,,,,,,,dodgers,2020,,,,
padres hall of famers,USD,500,Low,0,,,,,,,,,,,,,,,,,,,,,,tony gwynn,padres hall of fame,,
san diego padres today,USD,500,Low,0,,,,,,,,,,,,,,,,,,,,,,,,today,
mackenzie gore padres,USD,500,Low,0,,,,,,,,,,,,,,,,,,,,,,,,mackenzie gore,
padres spring training schedule 2021,USD,500,Low,16,0.26,0.95,,,,,,,,,,,,,,,,,,,2021,,,,
padres yesterday,USD,500,Low,0,,,,,,,,,,,,,,,,,,,,,,,,yesterday,
san diego padres baseball reference,USD,500,Low,0,,,,,,,,,,,,,,,,,,,,,,,baseball reference,,
cards padres,USD,500,Low,0,,,,,,,,,,,,,,,,,,,,cards,,,,,
san diego padres tatis jr,USD,500,High,100,,,,,,,,,,,,,,,,,,,,,,,,fernando tatis jr,
padres baseball reference,USD,500,Low,0,,,,,,,,,,,,,,,,,,,,,,,baseball reference,,
dodgers padres highlights,USD,500,Low,0,,,,,,,,,,,,,,,,,,,,dodgers,,,,,
padres grisham,USD,500,Low,0,,,,,,,,,,,,,,,,,,,,,,,,,
san diego padres season tickets,USD,500,Low,10,0.55,1.1,,,,,,,,,,,,,,,,,,,,,,,
steve garvey padres,USD,500,Low,0,,,,,,,,,,,,,,,,,,,,,,steve garvey,,,
lamet mlb,USD,50,Low,0,,,,,,,,,,,,,,,,,,,,,,dinelson lamet,,,
jayce tingler padres,USD,500,Low,0,,,,,,,,,,,,,,,,,,,,,,,,,
padres baseball game,USD,500,Low,18,0.23,0.73,,,,,,,,,,,,,,,,,,,,,,,
giants padres game,USD,500,Low,10,0.49,1.09,,,,,,,,,,,,,,,,,,"giants, sf",2020,,,,
san diego padres espn,USD,500,Low,1,,,,,,,,,,,,,,,,,,,,,,,,,espn
tony gwynn hall of fame,USD,500,Low,0,,,,,,,,,,,,,,,,,,,,,,tony gwynn,padres hall of fame,,
eric hosmer padres,USD,500,Low,0,,,,,,,,,,,,,,,,,,,,,,eric hosmer,,,
ozzie smith padres,USD,500,Low,11,,,,,,,,,,,,,,,,,,,,,,ozzie smith,,,
diego padres,USD,50,Low,2,,,,,,,,,,,,,,,,,,,,,,,,,
padres schedule today,USD,500,Low,1,,,,,,,,,,,,,,,,,,,,,,,,today,
padres on tv today,USD,500,Low,1,,,,,,,,,,,,,,,,,,,,,,,,today,
paddack mlb,USD,50,Low,0,,,,,,,,,,,,,,,,,,,,,,,,chris paddack,
padres game last night,USD,500,Low,0,,,,,,,,,,,,,,,,,,,,,2020,,,,
yu darvish san diego padres,USD,50,Low,7,,,,,,,,,,,,,,,,,,,,,,,,,
san diego padres park,USD,500,Low,1,,,,,,,,,,,,,,,,,,,,,,,petco,,
padres cardinals game 3,USD,500,Low,0,,,,,,,,,,,,,,,,,,,,,,,cardinals,,
padres championships,USD,500,Low,0,,,,,,,,,,,,,,,,,,,,,,,,,
giants padres game today,USD,500,Low,0,,,,,,,,,,,,,,,,,,,,giants,,,,today,
padres 2019 schedule,USD,500,Low,0,,,,,,,,,,,,,,,,,,,,,"2020, 2019",,,,
garth brooks padres,USD,500,Low,0,,,,,,,,,,,,,,,,,,,,,,,,,
padres park,USD,500,Low,0,,,,,,,,,,,,,,,,,,,,,,,petco,,
andy green padres,USD,500,Low,0,,,,,,,,,,,,,,,,,,,,,,,,,
padres spring training tickets 2021,USD,500,Medium,52,0.55,1.92,,,,,,,,,,,,,,,,,,,2021,,,,
dodgers and padres game,USD,500,Low,13,0.21,0.6,,,,,,,,,,,,,,,,,,dodgers,2020,,,,
trent grisham padres,USD,500,Low,0,,,,,,,,,,,,,,,,,,,,,,,,,
padres store online,USD,500,High,100,0.51,1.27,,,,,,,,,,,,,,,,,,,,,,,
fernando tatis jr cardinals,USD,50,Low,8,,,,,,,,,,,,,,,,,,,,,,,cardinals,fernando tatis jr,
mlb padres schedule,USD,500,Low,1,0.31,1.23,,,,,,,,,,,,,,,,,,,,,,,
fox sports san diego padres,USD,500,Low,1,,,,,,,,,,,,,,,,,,,,,,,,,fox sports
the padres baseball,USD,50,Low,0,,,,,,,,,,,,,,,,,,,,,,,,,
padres opening day 2021 tickets,USD,500,Low,26,0.3,0.91,,,,,,,,,,,,,,,,,,,2021,,,,
padres store petco park,USD,500,High,70,0.35,0.68,,,,,,,,,,,,,,,,,,,,,petco,,
padres spring training 2021 tickets,USD,50,Medium,56,0.42,1.49,,,,,,,,,,,,,,,,,,,2021,,,,
dave winfield padres,USD,500,Low,3,,,,,,,,,,,,,,,,,,,,,,dave winfield,,,
2020 padres schedule,USD,50,Low,0,,,,,,,,,,,,,,,,,,,,,2020,,,,
padres season,USD,500,Low,1,0.25,0.47,,,,,,,,,,,,,,,,,,,,,,,
dodgers padres tv,USD,50,Low,0,,,,,,,,,,,,,,,,,,,,dodgers,,,,,
sd padres game,USD,50,Low,19,0.13,0.49,,,,,,,,,,,,,,,,,,sd padres,2020,,,,
padres season tickets cost,USD,500,Low,3,0.39,0.93,,,,,,,,,,,,,,,,,,,,,,,
padres pinstripes,USD,500,High,100,,,,,,,,,,,,,,,,,,,,,,,,,
the san diego padres,USD,50,Low,22,0.65,1.89,,,,,,,,,,,,,,,,,,,,,,,
san diego padres official website,USD,500,High,97,0.3,0.47,,,,,,,,,,,,,,,,,,,,,,,
yates padres,USD,50,Low,0,,,,,,,,,,,,,,,,,,,,,,kirby yates,,,
cardinals and padres,USD,50,Low,0,,,,,,,,,,,,,,,,,,,,cards,,,cardinals,,
2006 san diego padres,USD,50,Low,0,,,,,,,,,,,,,,,,,,,,,,,,,
dodgers padres game 3,USD,50,Low,0,,,,,,,,,,,,,,,,,,,,dodgers,2020,,,,
san diego pirates,USD,500,Low,1,,,,,,,,,,,,,,,,,,,,pirates,,,,,
2019 san diego padres,USD,50,Low,0,,,,,,,,,,,,,,,,,,,,,2019,,,,
johnny padres,USD,50,Low,0,,,,,,,,,,,,,,,,,,,,,,,,,
urias padres,USD,50,Low,0,,,,,,,,,,,,,,,,,,,,,,,,,
san diego padres game tonight,USD,50,Low,0,,,,,,,,,,,,,,,,,,,,,2020,,,today,
sd padres game today,USD,50,Low,1,,,,,,,,,,,,,,,,,,,,sd padres,2020,,,today,
cardinals padres game,USD,50,Low,7,,,,,,,,,,,,,,,,,,,,cards,2020,,cardinals,,
padres schedule 2019,USD,50,Low,0,,,,,,,,,,,,,,,,,,,,,"2020, 2019",,,,
padres game 2,USD,50,Low,0,,,,,,,,,,,,,,,,,,,,,,,,,
mookie betts padres,USD,50,Low,0,,,,,,,,,,,,,,,,,,,,,,mookie betts,,,
san diego padres next game,USD,50,Low,0,,,,,,,,,,,,,,,,,,,,,,,,,
petco park baseball,USD,500,Low,2,,,,,,,,,,,,,,,,,,,,,,,petco,,
san diego padres championships,USD,50,Low,0,,,,,,,,,,,,,,,,,,,,,,,,,
san diego padres tv schedule,USD,50,Low,4,,,,,,,,,,,,,,,,,,,,,,,,,
petco park tickets,USD,500,Medium,40,0.32,0.87,,,,,,,,,,,,,,,,,,,,,petco,,
mackenzie gore 2020,USD,50,Low,0,,,,,,,,,,,,,,,,,,,,,2020,,,mackenzie gore,
padres schedule for 2020,USD,50,Low,0,,,,,,,,,,,,,,,,,,,,,2020,,,,
san diego minor league baseball,USD,500,Low,1,,,,,,,,,,,,,,,,,,,,,,,minor league,,
greg maddux padres,USD,500,Low,0,,,,,,,,,,,,,,,,,,,,,,greg maddux,,,
dodgers sweep padres,USD,500,Low,0,,,,,,,,,,,,,,,,,,,,dodgers,,,,,
dodgers padres live,USD,500,Low,1,,,,,,,,,,,,,,,,,,,,dodgers,,,,,
opening day padres 2021,USD,500,Low,5,0.21,0.54,,,,,,,,,,,,,,,,,,,2021,,,,
ken caminiti padres,USD,500,Low,0,,,,,,,,,,,,,,,,,,,,,,ken caminiti,,,
bleacher report san diego padres,USD,50,Low,0,,,,,,,,,,,,,,,,,,,,,,,bleacher report,,
ray kroc padres,USD,50,Low,0,,,,,,,,,,,,,,,,,,,,,,,,,
san diego padres hall of famers,USD,50,Low,0,,,,,,,,,,,,,,,,,,,,,,,padres hall of fame,,
padres playoff game,USD,50,Unknown,,,,,,,,,,,,,,,,,,,,,,,,,playoff,
padres and cardinals,USD,50,Low,0,,,,,,,,,,,,,,,,,,,,cards,,,cardinals,,
padres last game,USD,50,Low,0,,,,,,,,,,,,,,,,,,,,,2020,,,,
padres cardinals game,USD,50,Low,29,,,,,,,,,,,,,,,,,,,,cards,2020,,cardinals,,
petco arena,USD,50,Low,16,,,,,,,,,,,,,,,,,,,,,,,petco,,
joey lucchesi padres,USD,50,Low,15,,,,,,,,,,,,,,,,,,,,,,,,joey lucchesi,
padres game on tv,USD,500,Low,1,,,,,,,,,,,,,,,,,,,,,2020,,,,
padres myers,USD,50,Low,1,,,,,,,,,,,,,,,,,,,,,,wil myers,,,
hunter renfroe padres,USD,50,Low,3,,,,,,,,,,,,,,,,,,,,,,hunter renfroe,,,
san diego padres baseball schedule,USD,50,Low,4,0.22,0.58,,,,,,,,,,,,,,,,,,,2020,,,,
san diego padres spring training 2021,USD,50,Low,20,0.3,0.9,,,,,,,,,,,,,,,,,,,2021,,,,
padres opening day tickets,USD,500,Low,30,0.3,0.89,,,,,,,,,,,,,,,,,,,,,,,
brett kennedy padres,USD,50,Low,0,,,,,,,,,,,,,,,,,,,,,,,,,
san diego padres game live,USD,500,Low,6,,,,,,,,,,,,,,,,,,,,,,,,,
union tribune padres,USD,500,Low,7,20.45,119.82,,,,,,,,,,,,,,,,,,,,,union tribune,,
padres on directv,USD,50,Low,0,,,,,,,,,,,,,,,,,,,,,,,directv,,
padres season tickets cost 2021,USD,50,Low,11,0.44,1.36,,,,,,,,,,,,,,,,,,,2021,,,,
yankees padres,USD,50,Low,2,0.3,0.85,,,,,,,,,,,,,,,,,,yankees,,,,,
padres baseball today,USD,50,Low,0,,,,,,,,,,,,,,,,,,,,,,,,today,
san diego padres spring training schedule,USD,50,Low,22,0.24,0.92,,,,,,,,,,,,,,,,,,,2020,,,,
san diego padres home,USD,50,Low,25,,,,,,,,,,,,,,,,,,,,,,,,,
dinelson lamet mlb,USD,50,Low,0,,,,,,,,,,,,,,,,,,,,,,dinelson lamet,,,
san diego game today,USD,50,Low,0,,,,,,,,,,,,,,,,,,,,,,,,today,
dodgers padres schedule,USD,500,Low,1,,,,,,,,,,,,,,,,,,,,dodgers,,,,,
san padres baseball,USD,50,Low,5,0.38,0.98,,,,,,,,,,,,,,,,,,,,,,,
padres directv,USD,50,Low,0,,,,,,,,,,,,,,,,,,,,,,,directv,,
padres games 2020,USD,50,Low,0,,,,,,,,,,,,,,,,,,,,,2020,,,,
padres tomorrow,USD,50,Low,0,,,,,,,,,,,,,,,,,,,,,,,,tomorrow,
wil myers baseball,USD,50,Low,0,,,,,,,,,,,,,,,,,,,,,,wil myers,,,
san diego padres baseball game,USD,50,Low,3,,,,,,,,,,,,,,,,,,,,,,,,,
san diego padres playoff schedule,USD,50,Low,0,,,,,,,,,,,,,,,,,,,,,2020,,,playoff,
fernando tatis jr san diego padres,USD,50,High,84,,,,,,,,,,,,,,,,,,,,,,,,fernando tatis jr,
rickey henderson padres,USD,500,Medium,52,,,,,,,,,,,,,,,,,,,,,,rickey henderson,,,
padres cardinals game 2,USD,50,Low,0,,,,,,,,,,,,,,,,,,,,,,,cardinals,,
padres dbacks,USD,50,Low,0,,,,,,,,,,,,,,,,,,,,diamondbacks,,,,,
seattle mariners san diego padres,USD,50,Low,0,,,,,,,,,,,,,,,,,,,,mariners,,,,,
padres league,USD,50,Low,0,,,,,,,,,,,,,,,,,,,,,,,,,
padres single game tickets,USD,500,Low,16,0.46,1.5,,,,,,,,,,,,,,,,,,,,,,,
spring training 2021 padres,USD,50,Low,30,0.29,1.01,,,,,,,,,,,,,,,,,,,2021,,,,
padres wil myers,USD,50,Low,0,,,,,,,,,,,,,,,,,,,,,,wil myers,,,
bruce bochy padres,USD,50,Low,0,,,,,,,,,,,,,,,,,,,,,,,,,
petco park store,USD,50,Low,32,0.85,1.27,,,,,,,,,,,,,,,,,,,,,petco,,
fssd directv,USD,50,Low,1,,,,,,,,,,,,,,,,,,,,,,,directv,,fssd
padres petco park,USD,500,Low,7,0.27,0.73,,,,,,,,,,,,,,,,,,,,,petco,,
san diego padres season tickets 2021,USD,50,Low,12,0.75,2,,,,,,,,,,,,,,,,,,,2021,,,,
jacob nix padres,USD,50,Low,0,,,,,,,,,,,,,,,,,,,,,,,,,
sf padres,USD,50,Low,2,,,,,,,,,,,,,,,,,,,,sf,,,,,
hoffman padres,USD,50,Low,0,,,,,,,,,,,,,,,,,,,,,,trevor hoffman,,,
tatis san diego padres,USD,50,Low,0,,,,,,,,,,,,,,,,,,,,,,,,,
padres game today live,USD,50,Low,1,,,,,,,,,,,,,,,,,,,,,,,,today,
padres game tickets,USD,500,Medium,40,0.26,1.16,,,,,,,,,,,,,,,,,,,,,,,
lamet fangraphs,USD,50,Low,0,,,,,,,,,,,,,,,,,,,,,,dinelson lamet,fangraphs,,
san diego padres opening day 2021,USD,50,Low,5,0.29,0.91,,,,,,,,,,,,,,,,,,,2021,,,,
spring training padres 2021,USD,50,Low,30,0.26,0.92,,,,,,,,,,,,,,,,,,,2021,,,,
san diego padres spring training schedule 2021,USD,50,Low,19,0.28,1.05,,,,,,,,,,,,,,,,,,,2021,,,,
chris paddack padres,USD,50,Low,0,,,,,,,,,,,,,,,,,,,,,,,,chris paddack,
2021 san diego padres schedule,USD,50,Low,2,0.14,0.55,,,,,,,,,,,,,,,,,,,"2020, 2021",,,,
padres on tv tonight,USD,50,Low,2,2.46,5.06,,,,,,,,,,,,,,,,,,,,,,,
padres schedule espn,USD,50,Low,0,,,,,,,,,,,,,,,,,,,,,,,,,espn
2019 padres schedule,USD,50,Low,0,,,,,,,,,,,,,,,,,,,,,2019,,,,
sd padres 2020,USD,50,Low,0,,,,,,,,,,,,,,,,,,,,sd padres,2020,,,,
padres game schedule 2020,USD,50,Low,0,,,,,,,,,,,,,,,,,,,,,2020,,,,
major league baseball padres,USD,50,Low,1,,,,,,,,,,,,,,,,,,,,,,,major league baseball,,
wil myers mlb,USD,50,Low,1,,,,,,,,,,,,,,,,,,,,,,wil myers,,,
padres dodgers tv,USD,50,Low,0,,,,,,,,,,,,,,,,,,,,dodgers,,,,,
san diego padres tatis,USD,50,High,88,,,,,,,,,,,,,,,,,,,,,,,,,
san diego padres seasons,USD,50,Low,1,,,,,,,,,,,,,,,,,,,,,,,,,
padres mariners game,USD,50,Low,6,,,,,,,,,,,,,,,,,,,,mariners,2020,,,,
padres k9,USD,50,Unknown,,,,,,,,,,,,,,,,,,,,,,,,,,
padres dodgers highlights,USD,50,Low,0,,,,,,,,,,,,,,,,,,,,dodgers,,,,,
bob chandler padres,USD,50,Low,0,,,,,,,,,,,,,,,,,,,,,,,,,
padres mlb the show 20,USD,50,Low,0,,,,,,,,,,,,,,,,,,,,,,,,,
manny machado san diego padres,USD,50,Low,23,,,,,,,,,,,,,,,,,,,,,,manny machado,,,
san diego padres 2021,USD,50,Low,2,0.45,0.77,,,,,,,,,,,,,,,,,,,2021,,,,
padres 2021 tickets,USD,50,Medium,42,0.29,1.1,,,,,,,,,,,,,,,,,,,2021,,,,
eric hosmer 2020,USD,50,Low,0,,,,,,,,,,,,,,,,,,,,,2020,eric hosmer,,,
san san diego padres,USD,50,Low,6,0.31,0.98,,,,,,,,,,,,,,,,,,,,,,,
padres ticket office,USD,50,Low,26,0.34,0.99,,,,,,,,,,,,,,,,,,,,,,,
ted williams padres,USD,50,Low,9,,,,,,,,,,,,,,,,,,,,,,ted williams,,,
san diego padres 2019,USD,50,Low,20,,,,,,,,,,,,,,,,,,,,,2019,,,,
padres 2020 season,USD,50,Low,0,,,,,,,,,,,,,,,,,,,,,2020,,,,
san diego padres petco park,USD,50,Low,5,0.3,0.68,,,,,,,,,,,,,,,,,,,,,petco,,
padre schedule 2021,USD,50,Low,5,0.2,0.46,,,,,,,,,,,,,,,,,,,2021,,,,
san diego union tribune padres,USD,50,Low,6,21.25,79.38,,,,,,,,,,,,,,,,,,,,,union tribune,,
padres baseball schedule 2020,USD,50,Low,6,,,,,,,,,,,,,,,,,,,,,2020,,,,
giants and padres,USD,50,Low,15,0.37,0.65,,,,,,,,,,,,,,,,,,giants,,,,,
eric hosmer san diego padres,USD,50,Low,0,,,,,,,,,,,,,,,,,,,,,,eric hosmer,,,
khalil greene padres,USD,50,Medium,39,,,,,,,,,,,,,,,,,,,,,,,,,
padres minor league prospects,USD,50,Low,0,,,,,,,,,,,,,,,,,,,,,,,minor league,,
kirby yates padres,USD,50,Low,0,,,,,,,,,,,,,,,,,,,,,,kirby yates,,,
padres cards,USD,50,High,97,,,,,,,,,,,,,,,,,,,,cards,,,,,
padres cornhole,USD,50,High,100,0.82,2.26,,,,,,,,,,,,,,,,,,,,,,,
austin hedges padres,USD,50,Low,16,,,,,,,,,,,,,,,,,,,,austin,,austin hedges,,,
ben davis padres,USD,50,Medium,54,,,,,,,,,,,,,,,,,,,,,,,,,
padres 3b,USD,50,Low,0,,,,,,,,,,,,,,,,,,,,,,,,,
ron fowler padres,USD,50,Low,0,,,,,,,,,,,,,,,,,,,,,,,,,
cubs padres 1984,USD,50,Low,0,,,,,,,,,,,,,,,,,,,,cubs,1984,,,,
renfroe padres,USD,50,Low,0,,,,,,,,,,,,,,,,,,,,,,hunter renfroe,,,
padres game on directv,USD,50,Low,1,,,,,,,,,,,,,,,,,,,,,,,directv,,
dodgers padres game today,USD,50,Low,3,,,,,,,,,,,,,,,,,,,,dodgers,2020,,,today,
los padres baseball team,USD,50,Low,1,,,,,,,,,,,,,,,,,,,,,,,,,
mlb petco park,USD,500,Low,7,0.47,1.09,,,,,,,,,,,,,,,,,,,,,"petco, major league baseball",,
jacob nix baseball,USD,50,Low,0,,,,,,,,,,,,,,,,,,,,,,,,,
padres camo,USD,50,High,100,,,,,,,,,,,,,,,,,,,,,,,,,
logan white padres,USD,50,Low,0,,,,,,,,,,,,,,,,,,,,,,,,,
san diego baseball park,USD,50,Low,1,,,,,,,,,,,,,,,,,,,,,,,petco,,
dodgers padres fight,USD,50,Low,0,,,,,,,,,,,,,,,,,,,,dodgers,,,,,
don orsillo padres,USD,50,Low,0,,,,,,,,,,,,,,,,,,,,,,,,,
terry kennedy padres,USD,50,Low,0,,,,,,,,,,,,,,,,,,,,,,,,,
petco padres k9,USD,50,Low,0,,,,,,,,,,,,,,,,,,,,,,,petco,,
trevor hoffman padres,USD,50,Low,0,,,,,,,,,,,,,,,,,,,,,,trevor hoffman,,,
padres season ticket prices,USD,50,Low,7,0.49,2.17,,,,,,,,,,,,,,,,,,,,,,,
san diego padres 2019 schedule,USD,50,Low,0,,,,,,,,,,,,,,,,,,,,,"2020, 2019",,,,
padres season tickets 2021 price,USD,50,Low,6,0.44,0.89,,,,,,,,,,,,,,,,,,,2021,,,,
padres spring training 2021 schedule,USD,50,Low,12,0.21,0.61,,,,,,,,,,,,,,,,,,,2021,,,,
padres game now,USD,50,Low,1,,,,,,,,,,,,,,,,,,,,,2020,,,,
la dodgers san diego padres,USD,50,Low,8,,,,,,,,,,,,,,,,,,,,dodgers,,,,,
ted leitner padres,USD,50,Low,0,,,,,,,,,,,,,,,,,,,,,,,,,
san diego padres opening day,USD,500,Low,5,0.21,0.51,,,,,,,,,,,,,,,,,,,,,,,
ray kroc san diego padres,USD,50,Low,0,,,,,,,,,,,,,,,,,,,,,,,,,
padres dodgers game 2,USD,50,Low,0,,,,,,,,,,,,,,,,,,,,dodgers,2020,,,,
stubhub padres,USD,500,Low,18,0.52,1.58,,,,,,,,,,,,,,,,,,,,,stubhub,,
dodgers padres 2020,USD,50,Low,0,,,,,,,,,,,,,,,,,,,,dodgers,2020,,,,
new era padres,USD,50,High,100,0.23,0.94,,,,,,,,,,,,,,,,,,,,,new era,,
padres tailgate,USD,50,Low,0,,,,,,,,,,,,,,,,,,,,,,,,,
tim flannery padres,USD,50,Low,5,,,,,,,,,,,,,,,,,,,,,,,,,
san diego padres opening day 2020,USD,50,Low,4,,,,,,,,,,,,,,,,,,,,,2020,,,,
san diego padres minor league,USD,50,Low,12,,,,,,,,,,,,,,,,,,,,,,,minor league,,
padres dodgers game 3,USD,50,Low,7,,,,,,,,,,,,,,,,,,,,dodgers,2020,,,,
san diego padres 1984,USD,50,Medium,41,,,,,,,,,,,,,,,,,,,,,1984,,,,
padres dodgers rivalry,USD,50,Low,0,,,,,,,,,,,,,,,,,,,,dodgers,,,,,
petco games,USD,50,Low,7,0.58,0.73,,,,,,,,,,,,,,,,,,,,,petco,,
san diego padres manny machado,USD,50,Medium,49,,,,,,,,,,,,,,,,,,,,,,manny machado,,,
padres preseason schedule,USD,50,Low,8,0.31,0.68,,,,,,,,,,,,,,,,,,,,,,,
padre tickets 2021,USD,50,Medium,50,0.31,1.05,,,,,,,,,,,,,,,,,,,2021,,,,
machado san diego padres,USD,50,Low,0,,,,,,,,,,,,,,,,,,,,,,,,,
padres game schedule 2021,USD,50,Low,6,0.18,0.37,,,,,,,,,,,,,,,,,,,2021,,,,
1978 san diego padres,USD,50,Low,13,,,,,,,,,,,,,,,,,,,,,1978,,,,
1992 san diego padres,USD,50,Low,19,,,,,,,,,,,,,,,,,,,,,1992,,,,
goose gossage padres,USD,50,Low,0,,,,,,,,,,,,,,,,,,,,,,goose gossage,,,
padres minor league,USD,50,Low,1,,,,,,,,,,,,,,,,,,,,,,,minor league,,
padres home games,USD,50,Low,25,0.21,0.69,,,,,,,,,,,,,,,,,,,2020,,,,
padres angels game,USD,50,Low,11,0.27,0.48,,,,,,,,,,,,,,,,,,angels,2020,,,,
san diego padres postseason,USD,50,Low,0,,,,,,,,,,,,,,,,,,,,,,,,playoff,
san diego padres 1998,USD,50,Low,0,,,,,,,,,,,,,,,,,,,,,1998,,,,
sd padres tickets,USD,50,Medium,35,0.29,1.18,,,,,,,,,,,,,,,,,,sd padres,,,,,
padres schedule 2020 printable,USD,50,Low,0,,,,,,,,,,,,,,,,,,,,,"2020, 2019",,,,
padres vans,USD,50,High,100,0.29,0.49,,,,,,,,,,,,,,,,,,,,,vans,,
deandre jordan padres,USD,50,Low,0,,,,,,,,,,,,,,,,,,,,,,,,,
mlb sd padres,USD,50,Medium,41,0.47,1.09,,,,,,,,,,,,,,,,,,sd padres,,,,,
padres baseball game today,USD,50,Low,0,,,,,,,,,,,,,,,,,,,,,,,,today,
will myers padres,USD,50,Low,0,,,,,,,,,,,,,,,,,,,,,,wil myers,,,
list of padres seasons,USD,50,Low,0,,,,,,,,,,,,,,,,,,,,,,,,,
padres spring training games,USD,50,Low,24,0.33,1.28,,,,,,,,,,,,,,,,,,,,,,,
san diego padres games 2020,USD,50,Unknown,,,,,,,,,,,,,,,,,,,,,,2020,,,,
theo epstein padres,USD,50,Low,0,,,,,,,,,,,,,,,,,,,,cubs,,,,,
adam eaton padres,USD,50,Low,0,,,,,,,,,,,,,,,,,,,,,,adam eaton,,,
san diego padres game schedule,USD,50,Low,6,0.19,0.43,,,,,,,,,,,,,,,,,,,2020,,,,
padres home opener 2021,USD,50,Low,4,0.23,0.57,,,,,,,,,,,,,,,,,,,2021,,,,
san diego padres baseball team,USD,50,Medium,45,,,,,,,,,,,,,,,,,,,,,,,,,
baseball team padres,USD,50,Low,1,,,,,,,,,,,,,,,,,,,,,,,,,
san diego padres on tv,USD,50,Low,10,4,4,,,,,,,,,,,,,,,,,,,,,,,
san diego padre game today,USD,50,Low,0,,,,,,,,,,,,,,,,,,,,,2020,,,today,
joey cantillo baseball,USD,50,Low,0,,,,,,,,,,,,,,,,,,,,,,,,,
rollie fingers padres,USD,50,High,86,,,,,,,,,,,,,,,,,,,,,,rollie fingers,,,
the padres game,USD,50,Low,0,,,,,,,,,,,,,,,,,,,,,,,,,
padres dodgers game today,USD,50,Low,2,,,,,,,,,,,,,,,,,,,,dodgers,,,,today,
padres aa team,USD,50,Low,0,,,,,,,,,,,,,,,,,,,,,,,aa,,
mackenzie gore baseball,USD,50,Low,0,,,,,,,,,,,,,,,,,,,,,,,,mackenzie gore,
garth brooks san diego padres,USD,50,Low,0,,,,,,,,,,,,,,,,,,,,,,,,,
myers san diego padres,USD,50,Low,0,,,,,,,,,,,,,,,,,,,,,,wil myers,,,
padres game directv,USD,50,Low,0,,,,,,,,,,,,,,,,,,,,,,,directv,,
san diego padres standing,USD,500,Low,1,,,,,,,,,,,,,,,,,,,,,,,,,
padres baseball live,USD,50,Low,0,,,,,,,,,,,,,,,,,,,,,,,,,
padres yankees 1998,USD,50,Low,0,,,,,,,,,,,,,,,,,,,,yankees,1998,,,,
padres dodgers tickets,USD,50,Medium,37,0.3,1.03,,,,,,,,,,,,,,,,,,dodgers,,,,,
1974 san diego padres,USD,50,Medium,59,,,,,,,,,,,,,,,,,,,,,1974,,,,
1999 san diego padres,USD,50,Low,0,,,,,,,,,,,,,,,,,,,,,1999,,,,
padres new,USD,50,Low,0,,,,,,,,,,,,,,,,,,,,,,,,,
2004 san diego padres,USD,50,Low,0,,,,,,,,,,,,,,,,,,,,,2004,,,,
padres dodgers game tonight,USD,50,Low,0,,,,,,,,,,,,,,,,,,,,dodgers,,,,,
padres yates,USD,50,Low,0,,,,,,,,,,,,,,,,,,,,,,kirby yates,,,
sd padres bleacher report,USD,50,Low,0,,,,,,,,,,,,,,,,,,,,sd padres,,,bleacher report,,
san diego baseball game,USD,50,Low,16,0.33,0.81,,,,,,,,,,,,,,,,,,,,,,,
tony gwynn san diego padres,USD,50,High,77,,,,,,,,,,,,,,,,,,,,,,tony gwynn,,,
fernando tatis funko pop,USD,50,High,100,,,,,,,,,,,,,,,,,,,,,,,funko,fernando tatis jr,
padres 59fifty,USD,50,High,100,,,,,,,,,,,,,,,,,,,,,,,new era,,
san diego padres official store,USD,50,High,100,0.25,0.63,,,,,,,,,,,,,,,,,,,,,,,
dodgers and padres game live,USD,50,Low,11,,,,,,,,,,,,,,,,,,,,dodgers,,,,,
padres home opener,USD,50,Low,5,0.21,0.43,,,,,,,,,,,,,,,,,,,,,,,
petco padres,USD,50,Low,21,0.29,0.74,,,,,,,,,,,,,,,,,,,,,petco,,
san diego padres dodgers,USD,50,Low,5,,,,,,,,,,,,,,,,,,,,dodgers,,,,,
san diego padres machado,USD,50,Medium,57,,,,,,,,,,,,,,,,,,,,,,,,,
san diego st louis baseball,USD,50,Low,0,,,,,,,,,,,,,,,,,,,,,2021,,cardinals,,
tonight's padres game,USD,50,Low,0,,,,,,,,,,,,,,,,,,,,,2020,,,,
angels padres game,USD,50,Low,2,,,,,,,,,,,,,,,,,,,,angels,2020,,,,
padres p,USD,50,High,72,,,,,,,,,,,,,,,,,,,,,,,,,
san diego padres online store,USD,50,High,100,0.3,1.07,,,,,,,,,,,,,,,,,,,,,,,
petco park games,USD,50,Medium,37,0.27,0.83,,,,,,,,,,,,,,,,,,,,,petco,,
los padres baseball,USD,50,Low,2,,,,,,,,,,,,,,,,,,,,,,,,,
padres american league,USD,50,Low,0,,,,,,,,,,,,,,,,,,,,,,,american league,,
padres slam diego,USD,50,High,100,,,,,,,,,,,,,,,,,,,,,2020,,,,
chris paddack 2020,USD,50,Low,0,,,,,,,,,,,,,,,,,,,,,2020,,,chris paddack,
padres rockies game,USD,50,Low,8,0.46,0.79,,,,,,,,,,,,,,,,,,rockies,,,,,
reddit mlb streams padres,USD,50,Low,0,,,,,,,,,,,,,,,,,,,,,,,reddit,,
fox sports padres,USD,50,Low,0,,,,,,,,,,,,,,,,,,,,,,,,,fox sports
san diego padres sb nation,USD,50,Low,0,,,,,,,,,,,,,,,,,,,,,,,sb nation,,
padres home,USD,50,Low,5,1.7,12.27,,,,,,,,,,,,,,,,,,,,,,,
padres official store,USD,50,High,100,0.33,1.22,,,,,,,,,,,,,,,,,,,,,,,
padres regular season schedule,USD,50,Low,1,0.23,0.66,,,,,,,,,,,,,,,,,,,,,,,
tatis jr funko pop,USD,50,High,100,,,,,,,,,,,,,,,,,,,,,,,funko,fernando tatis jr,
dodgers padres game tonight,USD,50,Low,0,,,,,,,,,,,,,,,,,,,,dodgers,2020,,,today,
padres postgame show,USD,50,Low,0,,,,,,,,,,,,,,,,,,,,,,,,,
san diego padres baseball game today,USD,50,Low,0,,,,,,,,,,,,,,,,,,,,,,,,today,
2016 san diego padres,USD,50,Low,0,,,,,,,,,,,,,,,,,,,,,2016,,,,
padres tv today,USD,50,Low,0,,,,,,,,,,,,,,,,,,,,,2021,,,today,
cheap san diego padres tickets,USD,50,Low,28,0.44,1.53,,,,,,,,,,,,,,,,,,,,,,,
la dodgers padres,USD,50,Low,4,,,,,,,,,,,,,,,,,,,,dodgers,,,,,
san diego padres 1969,USD,50,High,89,,,,,,,,,,,,,,,,,,,,,1969,,,,
sd padres 2020 schedule,USD,50,Low,0,,,,,,,,,,,,,,,,,,,,sd padres,2020,,,,
home of the padres,USD,50,Low,0,,,,,,,,,,,,,,,,,,,,,,,,,
petco k9 padres,USD,50,Unknown,,,,,,,,,,,,,,,,,,,,,,,,petco,,
padres giants game today,USD,50,Low,0,,,,,,,,,,,,,,,,,,,,giants,,,,today,
greg garcia san diego padres,USD,50,Low,0,,,,,,,,,,,,,,,,,,,,,,,,,
padres ticket prices,USD,50,Low,27,0.16,0.75,,,,,,,,,,,,,,,,,,,,,,,
dodgers padres today,USD,50,Low,1,,,,,,,,,,,,,,,,,,,,dodgers,,,,today,
sd padres spring training,USD,50,Low,13,0.25,0.79,,,,,,,,,,,,,,,,,,sd padres,2020,,,,
padres baseball tickets,USD,50,Medium,49,0.31,1.17,,,,,,,,,,,,,,,,,,,2020,,,,
1988 san diego padres,USD,50,Low,0,,,,,,,,,,,,,,,,,,,,,1988,,,,
mlb padres game,USD,50,Low,2,,,,,,,,,,,,,,,,,,,,,,,,,
padres 2021 season tickets,USD,50,Low,11,0.36,1.5,,,,,,,,,,,,,,,,,,,2021,,,,
padres season 2020,USD,50,Low,0,,,,,,,,,,,,,,,,,,,,,2020,,,,
rockies padres game 163,USD,50,Low,0,,,,,,,,,,,,,,,,,,,,rockies,,,,,
padres clubhouse,USD,50,Low,33,,,,,,,,,,,,,,,,,,,,,,,,,
padres spring training 2020,USD,50,Low,6,0.28,1.26,,,,,,,,,,,,,,,,,,,2020,,,,
san diego padres 2020 season,USD,50,Low,0,,,,,,,,,,,,,,,,,,,,,2020,,,,
padres opening day 2019,USD,50,Low,0,,,,,,,,,,,,,,,,,,,,,"2020, 2019",,,,
wil myers san diego padres,USD,50,Low,0,,,,,,,,,,,,,,,,,,,,,,wil myers,,,
padres and rockies,USD,50,Low,5,,,,,,,,,,,,,,,,,,,,rockies,,,,,
chris paddack mlb,USD,50,Low,0,,,,,,,,,,,,,,,,,,,,,,,,chris paddack,
joshua mears baseball,USD,50,Low,0,,,,,,,,,,,,,,,,,,,,,,,,,
padres lucchesi,USD,50,Low,0,,,,,,,,,,,,,,,,,,,,,,,,joey lucchesi,
san diego padres los angeles angels,USD,50,Low,4,,,,,,,,,,,,,,,,,,,,angels,,,,,
hunter renfrow padres,USD,50,Low,0,,,,,,,,,,,,,,,,,,,,,,hunter renfroe,,,
padres pop up,USD,50,High,90,,,,,,,,,,,,,,,,,,,,,,,,,
padres playoff tickets,USD,50,Low,14,,,,,,,,,,,,,,,,,,,,,,,,playoff,
sf giants padres,USD,50,Low,3,,,,,,,,,,,,,,,,,,,,"giants, sf",,,,,
trent grisham mlb the show 20,USD,50,Low,3,,,,,,,,,,,,,,,,,,,,,2020,,,show baseball,
2021 san diego padres,USD,50,Low,2,,,,,,,,,,,,,,,,,,,,,2021,,,,
padres eric hosmer,USD,50,Low,3,,,,,,,,,,,,,,,,,,,,,,eric hosmer,,,
western metal supply co petco park,USD,50,Low,6,,,,,,,,,,,,,,,,,,,,,,,petco,,
padres intrasquad game,USD,50,Unknown,,,,,,,,,,,,,,,,,,,,,,,,,,
2001 san diego padres,USD,50,Low,14,,,,,,,,,,,,,,,,,,,,,2001,,,,
padres baseball tonight,USD,50,Low,0,,,,,,,,,,,,,,,,,,,,,,,,,
padres game tuesday,USD,50,Low,21,,,,,,,,,,,,,,,,,,,,,2020,,,,
padres minor league affiliates,USD,50,Low,0,,,,,,,,,,,,,,,,,,,,,,,minor league,,
directv padres game,USD,50,Low,1,,,,,,,,,,,,,,,,,,,,,,,directv,,
san diego padres game yesterday,USD,50,Low,0,,,,,,,,,,,,,,,,,,,,,2020,,,yesterday,
padres remaining schedule,USD,50,Unknown,,,,,,,,,,,,,,,,,,,,,,,,,,
dave roberts san diego padres,USD,50,Low,0,,,,,,,,,,,,,,,,,,,,,,,,,
padres now,USD,50,Low,0,,,,,,,,,,,,,,,,,,,,,,,,,
2017 san diego padres,USD,50,Low,0,,,,,,,,,,,,,,,,,,,,,2017,,,,
padres game online,USD,50,Low,3,,,,,,,,,,,,,,,,,,,,,,,,,
dodgers padres nlds,USD,50,Low,0,,,,,,,,,,,,,,,,,,,,dodgers,2020,,,,
padres 2021 spring training schedule,USD,50,Low,6,0.24,0.75,,,,,,,,,,,,,,,,,,,2021,,,,
padres game today on tv,USD,50,Low,0,,,,,,,,,,,,,,,,,,,,,2020,,,today,
padres rockies game 163,USD,50,Low,0,,,,,,,,,,,,,,,,,,,,rockies,,,,,
john kruk padres,USD,50,Low,0,,,,,,,,,,,,,,,,,,,,,,john kruk,,,
luis urias padres,USD,50,Low,0,,,,,,,,,,,,,,,,,,,,,,,,,
dinelson lamet mlb the show 20,USD,50,Low,0,,,,,,,,,,,,,,,,,,,,,,dinelson lamet,,show baseball,
padres schedule this week,USD,50,Low,0,,,,,,,,,,,,,,,,,,,,,,,,,
ian kinsler padres,USD,50,Low,0,,,,,,,,,,,,,,,,,,,,,,ian kinsler,,,
padres game day,USD,50,Low,3,,,,,,,,,,,,,,,,,,,,,,,,,
adrian morejon baseball reference,USD,50,Low,0,,,,,,,,,,,,,,,,,,,,,,,baseball reference,,
yesterday's padres game,USD,50,Low,0,,,,,,,,,,,,,,,,,,,,,,,,yesterday,
a's padres,USD,50,Low,0,,,,,,,,,,,,,,,,,,,,a's,,,,,
padres baseball on tv,USD,50,Low,3,3.37,5.77,,,,,,,,,,,,,,,,,,,,,,,
padres dodgers game live,USD,50,Low,14,,,,,,,,,,,,,,,,,,,,dodgers,2021,,,,
padres blue,USD,50,Medium,43,,,,,,,,,,,,,,,,,,,,,,,,,
padres game right now,USD,50,Low,0,,,,,,,,,,,,,,,,,,,,,2020,,,today,
padres game wednesday,USD,50,Low,0,,,,,,,,,,,,,,,,,,,,,2020,,,,
gene richards padres,USD,50,Low,11,,,,,,,,,,,,,,,,,,,,,,,,,
sd padres live,USD,50,Low,0,,,,,,,,,,,,,,,,,,,,sd padres,,,,,
jankowski padres,USD,50,Low,0,,,,,,,,,,,,,,,,,,,,,,,,,
padres game friday,USD,50,Low,4,0.28,0.76,,,,,,,,,,,,,,,,,,,2020,,,,
padres pre season,USD,50,Low,4,0.29,0.59,,,,,,,,,,,,,,,,,,,,,,,
jason vosler padres,USD,50,Low,0,,,,,,,,,,,,,,,,,,,,,,,,,
pcl padres,USD,50,Medium,38,,,,,,,,,,,,,,,,,,,,,,,pcl,,
padres 2019 season,USD,50,Low,0,,,,,,,,,,,,,,,,,,,,,"2020, 2019",,,,
manny machado san diego home,USD,50,Low,0,,,,,,,,,,,,,,,,,,,,,,manny machado,,,
trent grisham san diego padres,USD,50,Low,0,,,,,,,,,,,,,,,,,,,,,,,,,
padres spring training games on tv,USD,50,Low,2,,,,,,,,,,,,,,,,,,,,,2020,,,,
padres and diamondbacks,USD,50,Low,18,0.3,0.58,,,,,,,,,,,,,,,,,,diamondbacks,,,,,
san diego tatis,USD,50,Low,0,,,,,,,,,,,,,,,,,,,,,,,,fernando tatis jr,
dodger v padres,USD,50000,Low,4,0.34,1.05,,,,,,,,,,,,,,,,,,dodgers,,,,,
paddack san diego padres,USD,50,Low,0,,,,,,,,,,,,,,,,,,,,,,,,,
padres at rockies,USD,50,Low,27,0.31,0.79,,,,,,,,,,,,,,,,,,rockies,,,,,
san diego padres league,USD,50,Low,0,,,,,,,,,,,,,,,,,,,,,,,,,
willie mccovey padres,USD,50,Low,27,,,,,,,,,,,,,,,,,,,,,,willie mccovey,,,
padres 2020 playoffs,USD,50,Low,0,,,,,,,,,,,,,,,,,,,,,2020,,,playoff,
padres mlb store,USD,50,High,100,0.35,1.24,,,,,,,,,,,,,,,,,,,,,,,
padres season schedule,USD,50,Low,1,0.21,0.69,,,,,,,,,,,,,,,,,,,,,,,
padres television schedule,USD,50,Low,0,,,,,,,,,,,,,,,,,,,,,,,,,
braves padres,USD,50,Low,1,,,,,,,,,,,,,,,,,,,,braves,,,,,
san diego padres grand slams 2020,USD,50,Low,0,,,,,,,,,,,,,,,,,,,,,2020,,,,
2020 san diego padres schedule,USD,50,Low,0,,,,,,,,,,,,,,,,,,,,,"2020, 2019",,,,
mlb the show 20 padres,USD,50,Low,0,,,,,,,,,,,,,,,,,,,,,,,,,
nate colbert padres,USD,50,Low,0,,,,,,,,,,,,,,,,,,,,,,nate colbert,,,
mlb dodgers padres,USD,50,Unknown,,,,,,,,,,,,,,,,,,,,,dodgers,,,,,
the padres store,USD,50,High,90,0.49,0.71,,,,,,,,,,,,,,,,,,,,,,,
eric show padres,USD,50,Low,0,,,,,,,,,,,,,,,,,,,,,,,,,
buy padres tickets,USD,50,Medium,42,0.44,1.5,,,,,,,,,,,,,,,,,,,,,,,
padres brewers,USD,50,Low,6,0.44,1.02,,,,,,,,,,,,,,,,,,brewers,,,,,
san diego padres minor league affiliates,USD,50,Low,0,,,,,,,,,,,,,,,,,,,,,,,minor league,,
padres baseball cards,USD,50,High,100,,,,,,,,,,,,,,,,,,,,cards,,,,,
padres schedule april 2020,USD,50,Low,3,,,,,,,,,,,,,,,,,,,,,"2020, 2019",,,,
jerry coleman padres,USD,50,Low,0,,,,,,,,,,,,,,,,,,,,,,,,,
luis campusano baseball,USD,50,Low,0,,,,,,,,,,,,,,,,,,,,,,,,,
mike cameron padres,USD,50,Low,0,,,,,,,,,,,,,,,,,,,,,,,,,
jed hoyer padres,USD,50,Low,0,,,,,,,,,,,,,,,,,,,,,,,,,
fernando tatis jr gatorade,USD,50,Medium,55,,,,,,,,,,,,,,,,,,,,,,,gatorade,fernando tatis jr,
san diego padres single game tickets,USD,50,Low,18,0.49,1.5,,,,,,,,,,,,,,,,,,,,,,,
david wells padres,USD,50,Low,0,,,,,,,,,,,,,,,,,,,,,,,,,
manny padres,USD,50,Low,0,,,,,,,,,,,,,,,,,,,,,,manny machado,,,
san diego padres tonight,USD,50,Low,0,,,,,,,,,,,,,,,,,,,,,,,,,
jack clark padres,USD,50,Low,4,,,,,,,,,,,,,,,,,,,,,,jack clark,,,
ken griffey padre,USD,50,Low,0,,,,,,,,,,,,,,,,,,,,,,ken griffey,,,
padres game sunday,USD,50,Low,10,0.25,0.43,,,,,,,,,,,,,,,,,,,2020,,,,
padres home opener 2020,USD,50,Low,2,,,,,,,,,,,,,,,,,,,,,2020,,,,
san diego padres official,USD,50,High,87,,,,,,,,,,,,,,,,,,,,,,,,,
tony gwynn mitchell and ness,USD,50,High,99,,,,,,,,,,,,,,,,,,,,,,tony gwynn,mitchell and ness,,
padres and mariners,USD,50,Low,10,,,,,,,,,,,,,,,,,,,,mariners,,,,,
padres rangers game,USD,50,Low,8,,,,,,,,,,,,,,,,,,,,rangers,,,,,
hosmer san diego padres,USD,50,Low,0,,,,,,,,,,,,,,,,,,,,,,eric hosmer,,,
san diego padres myers,USD,50,Low,0,,,,,,,,,,,,,,,,,,,,,,wil myers,,,
padres season opener,USD,50,Low,4,0.19,0.7,,,,,,,,,,,,,,,,,,,,,,,
padres day,USD,50,Low,0,,,,,,,,,,,,,,,,,,,,,,,,,
reyn spooner padres,USD,50,High,100,1.04,3.1,,,,,,,,,,,,,,,,,,,,,reyn spooner,,
san diego padres mackenzie gore,USD,50,Low,22,,,,,,,,,,,,,,,,,,,,,,,,mackenzie gore,
padres season tickets 2021 cost,USD,50,Low,11,0.39,1.36,,,,,,,,,,,,,,,,,,,2021,,,,
padres austin hedges,USD,50,Low,0,,,,,,,,,,,,,,,,,,,,austin,,austin hedges,,,
padres season 2019,USD,50,Unknown,,,,,,,,,,,,,,,,,,,,,,"2020, 2019",,,,
padres home schedule 2020,USD,50,Low,8,,,,,,,,,,,,,,,,,,,,,2020,,,,
fernando tatis jr funko,USD,50,High,100,,,,,,,,,,,,,,,,,,,,,,,funko,fernando tatis jr,
padres schedule august 2020,USD,50,Unknown,,,,,,,,,,,,,,,,,,,,,,2020,,,,
arizona league padres,USD,50,Low,0,,,,,,,,,,,,,,,,,,,,,,,arizona league,,
padres and angels,USD,50,Low,10,,,,,,,,,,,,,,,,,,,,angels,,,,,
padres and giants game,USD,50,Low,0,,,,,,,,,,,,,,,,,,,,giants,2020,,,,
western metal supply petco park,USD,50,Low,1,,,,,,,,,,,,,,,,,,,,,,,petco,,
ozzie smith san diego padres,USD,50,Low,0,,,,,,,,,,,,,,,,,,,,,,ozzie smith,,,
sd padres schedule 2021,USD,50,Low,1,0.17,0.34,,,,,,,,,,,,,,,,,,sd padres,2021,,,,
eric show baseball,USD,50,Low,0,,,,,,,,,,,,,,,,,,,,,,,,show baseball,
petco park 2004,USD,50,Low,0,,,,,,,,,,,,,,,,,,,,,2004,,petco,,
major league baseball san diego padres,USD,50,Low,9,,,,,,,,,,,,,,,,,,,,,,,major league baseball,,
padres cardinals live,USD,50,Unknown,,,,,,,,,,,,,,,,,,,,,,,,cardinals,,
red sox padres,USD,50,Low,6,0.39,1.53,,,,,,,,,,,,,,,,,,red sox,,,,,
san diego padres home schedule,USD,50,Low,12,0.17,0.51,,,,,,,,,,,,,,,,,,,,,,,
san diego padres hosmer,USD,50,Low,0,,,,,,,,,,,,,,,,,,,,,,eric hosmer,,,
dodgers bs padres,USD,50,Low,14,,,,,,,,,,,,,,,,,,,,dodgers,,,,,
padres baseball game tonight,USD,50,Low,0,,,,,,,,,,,,,,,,,,,,,,,,,
padres beat dodgers,USD,50,Low,0,,,,,,,,,,,,,,,,,,,,dodgers,,,,,
brewers padres,USD,50,Low,0,,,,,,,,,,,,,,,,,,,,brewers,,,,,
kyle blanks baseball,USD,50,Low,0,,,,,,,,,,,,,,,,,,,,,,,,,
padres online store,USD,50,High,96,0.3,1.1,,,,,,,,,,,,,,,,,,,,,,,
san diego padres funko pop,USD,50,High,100,,,,,,,,,,,,,,,,,,,,,,,funko,,
san diego padres schedule 2019,USD,50,Low,0,,,,,,,,,,,,,,,,,,,,,2019,,,,
gaylord perry padres,USD,50,Low,0,,,,,,,,,,,,,,,,,,,,,,,,,
padres schedule tomorrow,USD,50,Low,0,,,,,,,,,,,,,,,,,,,,,,,,"today, tomorrow",
padres wins,USD,500,Low,0,,,,,,,,,,,,,,,,,,,,,,,,,
san diego spring training tickets,USD,50,Medium,59,0.48,1.83,,,,,,,,,,,,,,,,,,,2020,,,,
san diego padres 2021 tickets,USD,50,Medium,41,0.36,1.28,,,,,,,,,,,,,,,,,,,2021,,,,
padres espn schedule,USD,50,Low,0,,,,,,,,,,,,,,,,,,,,,,,,,espn
padres spring training tv,USD,50,Low,2,,,,,,,,,,,,,,,,,,,,,,,,,
steve garvey san diego padres,USD,50,Medium,54,,,,,,,,,,,,,,,,,,,,,,steve garvey,,,
cheap padres tickets,USD,50,Medium,56,0.34,0.98,,,,,,,,,,,,,,,,,,,,,,,
padres deals,USD,50,High,68,,,,,,,,,,,,,,,,,,,,,,,,,
padres games 2021,USD,50,Low,9,0.19,0.45,,,,,,,,,,,,,,,,,,,2021,,,,
padres store downtown,USD,50,Low,15,0.4,0.58,,,,,,,,,,,,,,,,,,,,,,,
chargers padres,USD,50,Low,1,,,,,,,,,,,,,,,,,,,,chargers,,,,,
mariners padres game,USD,50,Low,0,,,,,,,,,,,,,,,,,,,,mariners,2020,,,,
funko pop padres,USD,50,High,100,,,,,,,,,,,,,,,,,,,,,,,funko,,
san diego game tonight,USD,50,Low,0,,,,,,,,,,,,,,,,,,,,,,,,today,
padres august 14,USD,50,Low,0,,,,,,,,,,,,,,,,,,,,,,,,,
randy jones san diego padres,USD,50,Low,0,,,,,,,,,,,,,,,,,,,,,,,,,
padres 2018 schedule,USD,50,Low,0,,,,,,,,,,,,,,,,,,,,,2018,,,,
san diego padres fernando tatis,USD,50,High,94,,,,,,,,,,,,,,,,,,,,,,,,fernando tatis jr,
sd padres today,USD,50,Low,0,,,,,,,,,,,,,,,,,,,,sd padres,,,,today,
sd padres tv schedule,USD,50,Low,0,,,,,,,,,,,,,,,,,,,,sd padres,,,,,
padres home schedule 2021,USD,50,Low,6,0.28,0.62,,,,,,,,,,,,,,,,,,,2021,,,,
padres tickets 2020,USD,50,Low,16,0.28,0.65,,,,,,,,,,,,,,,,,,,2020,,,,
san diego padres 2018,USD,50,Low,0,,,,,,,,,,,,,,,,,,,,,2018,,,,
san diego padres game tomorrow,USD,50,Low,11,,,,,,,,,,,,,,,,,,,,,2020,,,tomorrow,
padres yellow,USD,50,High,100,,,,,,,,,,,,,,,,,,,,,,,,,
mariners padres comeback,USD,50,Low,0,,,,,,,,,,,,,,,,,,,,mariners,,,,,
trent grisham baseball,USD,50,Low,8,,,,,,,,,,,,,,,,,,,,,,,,,
javy guerra san diego padres,USD,50,Low,0,,,,,,,,,,,,,,,,,,,,,,,,,
san diego padres cornhole,USD,50,High,100,,,,,,,,,,,,,,,,,,,,,,,,,
padres christmas,USD,50,Unknown,,,,,,,,,,,,,,,,,,,,,,,,,,
san diego padres 5k,USD,50,Low,0,,,,,,,,,,,,,,,,,,,,,,,,,
san diego padres schedule today,USD,50,Low,0,,,,,,,,,,,,,,,,,,,,sd padres,,,,today,
nate colbert baseball,USD,50,Low,0,,,,,,,,,,,,,,,,,,,,,,nate colbert,,,
padres trevor hoffman,USD,50,Low,0,,,,,,,,,,,,,,,,,,,,,,trevor hoffman,,,
ted williams san diego padres,USD,50,Low,24,,,,,,,,,,,,,,,,,,,,,,ted williams,,,
mlb padres schedule 2020,USD,50,Low,0,,,,,,,,,,,,,,,,,,,,,"2020, 2019",,,,
san francisco giants padres,USD,50,Low,0,,,,,,,,,,,,,,,,,,,,"giants, sf",,,,,
braves padres 2020,USD,50,Low,0,,,,,,,,,,,,,,,,,,,,braves,2020,,,,
diamondbacks padres game,USD,50,Low,0,,,,,,,,,,,,,,,,,,,,diamondbacks,2020,,,,
makita padres,USD,50,Low,10,,,,,,,,,,,,,,,,,,,,,,,,,
mlb san diego padres schedule,USD,50,Low,1,,,,,,,,,,,,,,,,,,,,,,,,,
padres dodgers preview,USD,50,Low,0,,,,,,,,,,,,,,,,,,,,dodgers,2021,,,,
padres tonight game,USD,50,Low,0,,,,,,,,,,,,,,,,,,,,,2020,,,,
the padres schedule,USD,50,Low,1,,,,,,,,,,,,,,,,,,,,,,,,,
2021 padres season tickets,USD,50,Low,6,0.46,1.5,,,,,,,,,,,,,,,,,,,2021,,,,
petco park team,USD,50,Low,1,,,,,,,,,,,,,,,,,,,,,,,petco,,
spring training 2021 tickets padres,USD,50,Medium,62,0.37,1.56,,,,,,,,,,,,,,,,,,,2021,,,,
garry templeton padres,USD,50,Medium,42,,,,,,,,,,,,,,,,,,,,,,garry templeton,,,
san diego padres spring training tv schedule,USD,50,Low,0,,,,,,,,,,,,,,,,,,,,,2020,,,,
arizona san diego baseball,USD,50,Low,0,,,,,,,,,,,,,,,,,,,,,,,,,
fssd on directv,USD,50,Low,0,,,,,,,,,,,,,,,,,,,,,,,directv,,fssd
san padres schedule,USD,50,Low,4,,,,,,,,,,,,,,,,,,,,,,,,,
1988 topps benny santiago,USD,50,Medium,34,,,,,,,,,,,,,,,,,,,,cards,1988,,topps,,
padres friday game,USD,50,Low,10,0.32,0.6,,,,,,,,,,,,,,,,,,,2020,,,,
padres game thursday,USD,50,Low,5,0.23,0.36,,,,,,,,,,,,,,,,,,,2020,,,,
damion easley padres,USD,50,Low,0,,,,,,,,,,,,,,,,,,,,,,,,,
padres jake cronenworth,USD,50,Low,0,,,,,,,,,,,,,,,,,,,,,,,,,
ryan weathers san diego padres,USD,50,Low,0,,,,,,,,,,,,,,,,,,,,,,,,,
san diego padres eric hosmer,USD,50,Low,0,,,,,,,,,,,,,,,,,,,,,,eric hosmer,,,
san diego padres game today live,USD,50,Low,7,,,,,,,,,,,,,,,,,,,,,,,,today,
san diego padres paddack,USD,50,Low,0,,,,,,,,,,,,,,,,,,,,,,,,,
dodgers padres game live,USD,50,Low,10,,,,,,,,,,,,,,,,,,,,dodgers,,,,,
mike dee padres,USD,50,Low,0,,,,,,,,,,,,,,,,,,,,,,,,,
padres baseball schedule 2021,USD,50,Low,6,0.26,0.66,,,,,,,,,,,,,,,,,,,2021,,,,
padres jason castro,USD,50,Low,0,,,,,,,,,,,,,,,,,,,,,,,,,
san diego padres la dodgers,USD,50,Low,0,,,,,,,,,,,,,,,,,,,,dodgers,,,,,
san diego padres morejon,USD,50,Low,0,,,,,,,,,,,,,,,,,,,,,,,,,
graig nettles padres,USD,50,Low,0,,,,,,,,,,,,,,,,,,,,,,graig nettles,,,
san diego padres union tribune,USD,50,Low,6,,,,,,,,,,,,,,,,,,,,,,,union tribune,,
san diego padres vans,USD,50,High,100,,,,,,,,,,,,,,,,,,,,,,,vans,,
fssd padres schedule,USD,50,Low,0,,,,,,,,,,,,,,,,,,,,,,,,,fssd
padres chargers,USD,50,Low,0,,,,,,,,,,,,,,,,,,,,chargers,,,,,
padres joey lucchesi,USD,50,Low,0,,,,,,,,,,,,,,,,,,,,,,,,joey lucchesi,
san diego padres trent grisham,USD,50,Low,0,,,,,,,,,,,,,,,,,,,,,,,,,
game 3 padres,USD,50,Unknown,,,,,,,,,,,,,,,,,,,,,,,,,,
angels and padres,USD,50,Low,1,,,,,,,,,,,,,,,,,,,,angels,,,,,
manny machado san diego,USD,50,Low,0,,,,,,,,,,,,,,,,,,,,,,manny machado,,,
dodgers padres directv,USD,50,Low,0,,,,,,,,,,,,,,,,,,,,dodgers,,,directv,,
padres diamondbacks game,USD,50,Low,0,,,,,,,,,,,,,,,,,,,,diamondbacks,,,,,
padres season 2021,USD,50,Low,2,0.32,0.47,,,,,,,,,,,,,,,,,,,2021,,,,
anthony rizzo san diego padres,USD,50,Low,0,,,,,,,,,,,,,,,,,,,,cubs,,anthony rizzo,,,
dodger padre,USD,50,Low,9,,,,,,,,,,,,,,,,,,,,dodgers,,,,,
jd martinez padres,USD,50,Low,0,,,,,,,,,,,,,,,,,,,,,,,,,
peoria padres spring training,USD,50,Low,28,0.34,1.12,,,,,,,,,,,,,,,,,,,,,,,
san diego padres 2006,USD,50,Low,0,,,,,,,,,,,,,,,,,,,,,,,,,
mlb padres live,USD,50,Low,6,,,,,,,,,,,,,,,,,,,,,,,,,
rockies and padres,USD,50,Low,0,,,,,,,,,,,,,,,,,,,,rockies,,,,,
2019 san diego padres schedule,USD,50,Low,0,,,,,,,,,,,,,,,,,,,,,2019,,,,
josh byrnes padres,USD,50,Low,0,,,,,,,,,,,,,,,,,,,,,,,,,
padres game today directv,USD,50,Low,0,,,,,,,,,,,,,,,,,,,,,,,directv,today,
padres schedule for today,USD,50,Low,0,,,,,,,,,,,,,,,,,,,,,,,,today,
padres gwynn,USD,50,Low,0,,,,,,,,,,,,,,,,,,,,,,tony gwynn,,,
sports padres,USD,50,Low,0,,,,,,,,,,,,,,,,,,,,,,,,,